
✅ /home/runner/work/WesiOS/WesiOS/test/organization_access_revocation_test.dart: legacy grant is created once and explicit revoke survives relaunch
✅ /home/runner/work/WesiOS/WesiOS/test/roadmap_service_test.dart: проект и элементы сохраняются и сортируются
✅ /home/runner/work/WesiOS/WesiOS/test/roadmap_service_test.dart: 100 процентов автоматически переводит этап в done
✅ /home/runner/work/WesiOS/WesiOS/test/roadmap_service_test.dart: done всегда нормализуется до 100 процентов
✅ /home/runner/work/WesiOS/WesiOS/test/roadmap_service_test.dart: удаление этапа очищает зависимости у остальных
✅ /home/runner/work/WesiOS/WesiOS/test/roadmap_service_test.dart: сводка считает блокировки, вехи и прогресс
✅ /home/runner/work/WesiOS/WesiOS/test/treasury_dashboard_live_data_test.dart: Treasury Dashboard is wired to live services, not demo placeholders
✅ /home/runner/work/WesiOS/WesiOS/test/organization_finance_access_test.dart: self finance remains visible when organization aggregate is denied
✅ /home/runner/work/WesiOS/WesiOS/test/organization_finance_access_test.dart: view_finance enables aggregate org data but not coworker breakdown
✅ /home/runner/work/WesiOS/WesiOS/test/engine_manifest_test.dart: EngineRelease.tryParse parses an entry produced by the build-engines workflow
✅ /home/runner/work/WesiOS/WesiOS/test/engine_manifest_test.dart: EngineRelease.tryParse reads each engine independently — versions may differ when one rebuild succeeded and the other did not
✅ /home/runner/work/WesiOS/WesiOS/test/engine_manifest_test.dart: EngineRelease.tryParse returns null instead of throwing on a malformed entry
✅ /home/runner/work/WesiOS/WesiOS/test/engine_manifest_test.dart: EngineRelease.tryParse tolerates a missing sizeBytes/packages block
✅ /home/runner/work/WesiOS/WesiOS/test/engine_manifest_test.dart: движок со своего сервера ссылка приклеивается, не теряя версии и списка пакетов
✅ /home/runner/work/WesiOS/WesiOS/test/engine_manifest_test.dart: движок со своего сервера без ссылки движок остаётся на старом пути через GitHub
✅ /home/runner/work/WesiOS/WesiOS/test/knowledge_linked_chart_service_test.dart: forecast linked chart samples real P50 values
✅ /home/runner/work/WesiOS/WesiOS/test/knowledge_linked_chart_service_test.dart: analytics linked chart uses real expense category totals
✅ /home/runner/work/WesiOS/WesiOS/test/knowledge_linked_chart_service_test.dart: treasury linked chart aggregates monthly signed net
✅ /home/runner/work/WesiOS/WesiOS/test/knowledge_linked_chart_service_test.dart: unknown or unavailable source returns an empty chart
✅ /home/runner/work/WesiOS/WesiOS/test/message_store_test.dart: срок жизни новое сообщение получает месяц жизни
✅ /home/runner/work/WesiOS/WesiOS/test/message_store_test.dart: срок жизни через месяц с небольшим исчезает
✅ /home/runner/work/WesiOS/WesiOS/test/message_store_test.dart: срок жизни истёкшее не показывается ещё до чистки
✅ /home/runner/work/WesiOS/WesiOS/test/message_store_test.dart: срок жизни срок хранится датой, а не считается от времени написания
✅ /home/runner/work/WesiOS/WesiOS/test/message_store_test.dart: срок жизни свой срок жизни уважается
✅ /home/runner/work/WesiOS/WesiOS/test/message_store_test.dart: срок жизни пустое сообщение не отправляется
✅ /home/runner/work/WesiOS/WesiOS/test/message_store_test.dart: архив архивное не исчезает никогда
✅ /home/runner/work/WesiOS/WesiOS/test/message_store_test.dart: архив при отправке в архив срок снимается совсем
✅ /home/runner/work/WesiOS/WesiOS/test/message_store_test.dart: архив архивное нельзя удалить обычным способом
✅ /home/runner/work/WesiOS/WesiOS/test/message_store_test.dart: архив очистка чата архив не трогает
✅ /home/runner/work/WesiOS/WesiOS/test/message_store_test.dart: архив возврат из архива снова даёт срок
✅ /home/runner/work/WesiOS/WesiOS/test/message_store_test.dart: архив архив собирается из всех чатов, новое сверху
✅ /home/runner/work/WesiOS/WesiOS/test/message_store_test.dart: чтение чаты не смешиваются
✅ /home/runner/work/WesiOS/WesiOS/test/message_store_test.dart: чтение порядок по времени, а не по записи
✅ /home/runner/work/WesiOS/WesiOS/test/message_store_test.dart: чтение последнее сообщение — для списка разговоров
✅ /home/runner/work/WesiOS/WesiOS/test/message_store_test.dart: состояние и темы состояние доставки меняется
✅ /home/runner/work/WesiOS/WesiOS/test/message_store_test.dart: состояние и темы привязка к теме и отвязка обратно
✅ /home/runner/work/WesiOS/WesiOS/test/message_store_test.dart: идентификаторы два сообщения в одну микросекунду не затирают друг друга
✅ /home/runner/work/WesiOS/WesiOS/test/message_store_test.dart: идентификаторы идентификатор начинается со времени — записи лежат по порядку
✅ /home/runner/work/WesiOS/WesiOS/test/message_store_test.dart: идентификаторы тысяча подряд — ни одного повтора
✅ /home/runner/work/WesiOS/WesiOS/test/message_store_test.dart: перенос в JSON сообщение переживает круг
✅ /home/runner/work/WesiOS/WesiOS/test/message_store_test.dart: перенос в JSON битая запись не разбирается, а не подставляет пустоту
✅ /home/runner/work/WesiOS/WesiOS/test/access_profile_test.dart: без входа все модули запрещены
✅ /home/runner/work/WesiOS/WesiOS/test/access_profile_test.dart: права берутся из текущего подтверждённого сотрудника
✅ /home/runner/work/WesiOS/WesiOS/test/access_profile_test.dart: владелец получает полный набор только после входа
✅ /home/runner/work/WesiOS/WesiOS/test/access_profile_test.dart: неизвестный модуль всегда запрещён
✅ /home/runner/work/WesiOS/WesiOS/test/access_profile_test.dart: refresh не обращается к Firebase и возвращает текущие права
✅ /home/runner/work/WesiOS/WesiOS/test/access_profile_test.dart: clear удаляет legacy cache, но не подменяет текущую роль
✅ /home/runner/work/WesiOS/WesiOS/test/chat_policy_test.dart: шифрование чатов рабочий чат читает владелец
✅ /home/runner/work/WesiOS/WesiOS/test/chat_policy_test.dart: шифрование чатов личный чат владелец не читает
✅ /home/runner/work/WesiOS/WesiOS/test/chat_policy_test.dart: шифрование чатов в рабочем чате ключ шифруется и корпоративному ключу
✅ /home/runner/work/WesiOS/WesiOS/test/chat_policy_test.dart: шифрование чатов в личном чате получатели — только собеседники
✅ /home/runner/work/WesiOS/WesiOS/test/chat_policy_test.dart: шифрование чатов получатель не получает ключ дважды
✅ /home/runner/work/WesiOS/WesiOS/test/chat_policy_test.dart: шифрование чатов подпись под чатом говорит правду о том, кто его читает
✅ /home/runner/work/WesiOS/WesiOS/test/horizon_main_source_stress_test.dart: main-source stress can hit a dominant CRM/business source
✅ /home/runner/work/WesiOS/WesiOS/test/horizon_main_source_stress_test.dart: main-source stress can hit dominant recurring income
✅ /home/runner/work/WesiOS/WesiOS/test/engine_install_service_test.dart: EngineInstallProgress.fraction computes a ratio when totalBytes is known
✅ /home/runner/work/WesiOS/WesiOS/test/engine_install_service_test.dart: EngineInstallProgress.fraction is null when the server never reported Content-Length
✅ /home/runner/work/WesiOS/WesiOS/test/engine_install_service_test.dart: EngineInstallProgress.fraction is null (not division-by-zero or infinity) when totalBytes is 0
✅ /home/runner/work/WesiOS/WesiOS/test/engine_install_service_test.dart: EngineInstallProgress.fraction clamps to 1.0 rather than overshooting on a slightly stale total
✅ /home/runner/work/WesiOS/WesiOS/test/horizon_hardening_regression_test.dart: incoming-delay stress shifts statistical income instead of deleting it
✅ /home/runner/work/WesiOS/WesiOS/test/horizon_hardening_regression_test.dart: calibration cannot materially destabilize the near-horizon median
✅ /home/runner/work/WesiOS/WesiOS/test/horizon_hardening_regression_test.dart: production lifecycle wiring runs Horizon maintenance without opening Forecast
✅ /home/runner/work/WesiOS/WesiOS/test/horizon_hardening_regression_test.dart: account liquidity uses recurring projections and scenario timing
✅ /home/runner/work/WesiOS/WesiOS/test/haptics_test.dart: возможности устройства точный отклик распознаётся
✅ /home/runner/work/WesiOS/WesiOS/test/haptics_test.dart: возможности устройства простой мотор не выдаётся за точный
✅ /home/runner/work/WesiOS/WesiOS/test/haptics_test.dart: возможности устройства спрашиваем один раз, а не на каждое нажатие
✅ /home/runner/work/WesiOS/WesiOS/test/haptics_test.dart: возможности устройства нет канала — значит нет точного отклика
✅ /home/runner/work/WesiOS/WesiOS/test/haptics_test.dart: проигрывание событие уходит своим именем
✅ /home/runner/work/WesiOS/WesiOS/test/haptics_test.dart: проигрывание отказ платформы — это false, а не исключение
✅ /home/runner/work/WesiOS/WesiOS/test/haptics_test.dart: проигрывание нативная сторона не взялась — тоже false
✅ /home/runner/work/WesiOS/WesiOS/test/chat_service_test.dart: разговор двоих идентификатор одинаков с обеих сторон
✅ /home/runner/work/WesiOS/WesiOS/test/chat_service_test.dart: разговор двоих рабочий и личный — разные разговоры с одним человеком
✅ /home/runner/work/WesiOS/WesiOS/test/chat_service_test.dart: разговор двоих повторное открытие не заводит второй разговор
✅ /home/runner/work/WesiOS/WesiOS/test/chat_service_test.dart: разговор двоих название берётся из состава, а не хранится копией
✅ /home/runner/work/WesiOS/WesiOS/test/chat_service_test.dart: список разговоров свежие сверху
✅ /home/runner/work/WesiOS/WesiOS/test/chat_service_test.dart: список разговоров закреплённый всегда первый, даже если в нём тихо
✅ /home/runner/work/WesiOS/WesiOS/test/chat_service_test.dart: список разговоров папки не смешиваются
✅ /home/runner/work/WesiOS/WesiOS/test/chat_service_test.dart: непрочитанное свои сообщения непрочитанными не считаются
✅ /home/runner/work/WesiOS/WesiOS/test/chat_service_test.dart: непрочитанное чужие считаются, пока разговор не открыли
✅ /home/runner/work/WesiOS/WesiOS/test/chat_service_test.dart: непрочитанное служебные строки непрочитанным не считаются
✅ /home/runner/work/WesiOS/WesiOS/test/chat_service_test.dart: непрочитанное пришедшее после открытия снова считается
✅ /home/runner/work/WesiOS/WesiOS/test/chat_service_test.dart: удаление разговора архивные сообщения переживают удаление чата
✅ /home/runner/work/WesiOS/WesiOS/test/chat_service_test.dart: стикеры идентификатор превращается в символ
✅ /home/runner/work/WesiOS/WesiOS/test/chat_service_test.dart: стикеры неизвестный стикер не превращается в пустоту
✅ /home/runner/work/WesiOS/WesiOS/test/chat_service_test.dart: стикеры идентификаторы наборов уникальны
✅ /home/runner/work/WesiOS/WesiOS/test/chat_service_test.dart: стикеры в сообщении хранится идентификатор, а не символ
✅ /home/runner/work/WesiOS/WesiOS/test/chat_service_test.dart: стикеры предпросмотр стикера в списке — слово, а не пустой пузырь
✅ /home/runner/work/WesiOS/WesiOS/test/chat_service_test.dart: группа две группы с одним составом — разные разговоры
✅ /home/runner/work/WesiOS/WesiOS/test/chat_service_test.dart: группа группа из двоих — всё равно группа
✅ /home/runner/work/WesiOS/WesiOS/test/chat_service_test.dart: группа группа остаётся группой, когда людей стало двое
✅ /home/runner/work/WesiOS/WesiOS/test/chat_service_test.dart: группа разговор двоих группой не становится
✅ /home/runner/work/WesiOS/WesiOS/test/chat_service_test.dart: группа я всегда в составе, даже если меня не выбрали
✅ /home/runner/work/WesiOS/WesiOS/test/chat_service_test.dart: группа чужая группа не показывается в списке
✅ /home/runner/work/WesiOS/WesiOS/test/chat_service_test.dart: группа состав меняется, себя выкинуть нельзя
✅ /home/runner/work/WesiOS/WesiOS/test/chat_service_test.dart: группа смена состава оставляет след в переписке
✅ /home/runner/work/WesiOS/WesiOS/test/chat_service_test.dart: группа выход убирает из списка, но запись остаётся
✅ /home/runner/work/WesiOS/WesiOS/test/chat_service_test.dart: группа после выхода отметка об уходе не стирается своей же чисткой
✅ /home/runner/work/WesiOS/WesiOS/test/chat_service_test.dart: группа выход не забирает архивное
✅ /home/runner/work/WesiOS/WesiOS/test/chat_service_test.dart: группа из разговора двоих не выходят
✅ /home/runner/work/WesiOS/WesiOS/test/chat_service_test.dart: правка сообщения свой текст меняется и помечается
✅ /home/runner/work/WesiOS/WesiOS/test/chat_service_test.dart: правка сообщения чужое не правится
✅ /home/runner/work/WesiOS/WesiOS/test/chat_service_test.dart: правка сообщения стикер править нечем
✅ /home/runner/work/WesiOS/WesiOS/test/chat_service_test.dart: правка сообщения пустой текст не принимается
✅ /home/runner/work/WesiOS/WesiOS/test/chat_service_test.dart: правка сообщения тот же текст — не правка
✅ /home/runner/work/WesiOS/WesiOS/test/chat_service_test.dart: правка сообщения правка не продлевает жизнь сообщению
✅ /home/runner/work/WesiOS/WesiOS/test/chat_service_test.dart: отклики отклик ставится и виден
✅ /home/runner/work/WesiOS/WesiOS/test/chat_service_test.dart: отклики тот же символ повторно — снимает
✅ /home/runner/work/WesiOS/WesiOS/test/chat_service_test.dart: отклики другой символ заменяет, а не добавляет
✅ /home/runner/work/WesiOS/WesiOS/test/knowledge_seed_test.dart: встроенные статьи появляются
✅ /home/runner/work/WesiOS/WesiOS/test/chat_service_test.dart: отклики несколько человек считаются вместе
✅ /home/runner/work/WesiOS/WesiOS/test/chat_service_test.dart: отклики отклик на исчезнувшее сообщение не роняет
✅ /home/runner/work/WesiOS/WesiOS/test/chat_service_test.dart: отклики отклики переживают перенос
✅ /home/runner/work/WesiOS/WesiOS/test/chat_service_test.dart: отклики старая запись без откликов читается как пустая
✅ /home/runner/work/WesiOS/WesiOS/test/knowledge_seed_test.dart: исчезнувшая встроенная статья убирается
✅ /home/runner/work/WesiOS/WesiOS/test/chat_service_test.dart: срок хранения чата новое сообщение живёт по сроку своего чата
✅ /home/runner/work/WesiOS/WesiOS/test/chat_service_test.dart: срок хранения чата продление достаёт и до уже написанного
✅ /home/runner/work/WesiOS/WesiOS/test/chat_service_test.dart: срок хранения чата укорачивание не стирает переписку задним числом
✅ /home/runner/work/WesiOS/WesiOS/test/knowledge_seed_test.dart: пользовательская статья не трогается
✅ /home/runner/work/WesiOS/WesiOS/test/chat_service_test.dart: срок хранения чата истёкшее не воскресает продлением
✅ /home/runner/work/WesiOS/WesiOS/test/chat_service_test.dart: срок хранения чата архивное продление не трогает
✅ /home/runner/work/WesiOS/WesiOS/test/chat_service_test.dart: срок хранения чата возврат к общему правилу
✅ /home/runner/work/WesiOS/WesiOS/test/knowledge_seed_test.dart: статья из удалённой папки поднимается в корень
::group::✅ /home/runner/work/WesiOS/WesiOS/test/chat_service_test.dart: состояние доставки без входа сообщение никуда не собирается
WesiOS secure session delete failed: Binding has not yet been initialized.
The "instance" getter on the ServicesBinding binding mixin is only available once that binding has been initialized.
Typically, this is done by calling "WidgetsFlutterBinding.ensureInitialized()" or "runApp()" (the latter calls the former). Typically this call is done in the "void main()" method. The "ensureInitialized" method is idempotent; calling it multiple times is not harmful. After calling that method, the "instance" getter will return the binding.
In a test, one can call "TestWidgetsFlutterBinding.ensureInitialized()" as the first line in the test's "main()" method to initialize the binding.
If ServicesBinding is a custom binding mixin, there must also be a custom binding class, like WidgetsFlutterBinding, but that mixes in the selected binding, and that is the class that must be constructed before using the "instance" getter.
::endgroup::
✅ /home/runner/work/WesiOS/WesiOS/test/knowledge_seed_test.dart: соседи по папке идут в заданном порядке, а не по алфавиту
::group::✅ /home/runner/work/WesiOS/WesiOS/test/chat_service_test.dart: состояние доставки протухший пропуск — это не «подключено»
WesiOS secure session write failed: Binding has not yet been initialized.
The "instance" getter on the ServicesBinding binding mixin is only available once that binding has been initialized.
Typically, this is done by calling "WidgetsFlutterBinding.ensureInitialized()" or "runApp()" (the latter calls the former). Typically this call is done in the "void main()" method. The "ensureInitialized" method is idempotent; calling it multiple times is not harmful. After calling that method, the "instance" getter will return the binding.
In a test, one can call "TestWidgetsFlutterBinding.ensureInitialized()" as the first line in the test's "main()" method to initialize the binding.
If ServicesBinding is a custom binding mixin, there must also be a custom binding class, like WidgetsFlutterBinding, but that mixes in the selected binding, and that is the class that must be constructed before using the "instance" getter.
WesiOS secure session delete failed: Binding has not yet been initialized.
The "instance" getter on the ServicesBinding binding mixin is only available once that binding has been initialized.
Typically, this is done by calling "WidgetsFlutterBinding.ensureInitialized()" or "runApp()" (the latter calls the former). Typically this call is done in the "void main()" method. The "ensureInitialized" method is idempotent; calling it multiple times is not harmful. After calling that method, the "instance" getter will return the binding.
In a test, one can call "TestWidgetsFlutterBinding.ensureInitialized()" as the first line in the test's "main()" method to initialize the binding.
If ServicesBinding is a custom binding mixin, there must also be a custom binding class, like WidgetsFlutterBinding, but that mixes in the selected binding, and that is the class that must be constructed before using the "instance" getter.
::endgroup::
::group::✅ /home/runner/work/WesiOS/WesiOS/test/chat_service_test.dart: состояние доставки после входа рабочее сообщение ждёт отправки
WesiOS secure session write failed: Binding has not yet been initialized.
The "instance" getter on the ServicesBinding binding mixin is only available once that binding has been initialized.
Typically, this is done by calling "WidgetsFlutterBinding.ensureInitialized()" or "runApp()" (the latter calls the former). Typically this call is done in the "void main()" method. The "ensureInitialized" method is idempotent; calling it multiple times is not harmful. After calling that method, the "instance" getter will return the binding.
In a test, one can call "TestWidgetsFlutterBinding.ensureInitialized()" as the first line in the test's "main()" method to initialize the binding.
If ServicesBinding is a custom binding mixin, there must also be a custom binding class, like WidgetsFlutterBinding, but that mixes in the selected binding, and that is the class that must be constructed before using the "instance" getter.
WesiOS secure session delete failed: Binding has not yet been initialized.
The "instance" getter on the ServicesBinding binding mixin is only available once that binding has been initialized.
Typically, this is done by calling "WidgetsFlutterBinding.ensureInitialized()" or "runApp()" (the latter calls the former). Typically this call is done in the "void main()" method. The "ensureInitialized" method is idempotent; calling it multiple times is not harmful. After calling that method, the "instance" getter will return the binding.
In a test, one can call "TestWidgetsFlutterBinding.ensureInitialized()" as the first line in the test's "main()" method to initialize the binding.
If ServicesBinding is a custom binding mixin, there must also be a custom binding class, like WidgetsFlutterBinding, but that mixes in the selected binding, and that is the class that must be constructed before using the "instance" getter.
::endgroup::
::group::✅ /home/runner/work/WesiOS/WesiOS/test/chat_service_test.dart: состояние доставки личное не уезжает даже при подключённом сервере
WesiOS secure session write failed: Binding has not yet been initialized.
The "instance" getter on the ServicesBinding binding mixin is only available once that binding has been initialized.
Typically, this is done by calling "WidgetsFlutterBinding.ensureInitialized()" or "runApp()" (the latter calls the former). Typically this call is done in the "void main()" method. The "ensureInitialized" method is idempotent; calling it multiple times is not harmful. After calling that method, the "instance" getter will return the binding.
In a test, one can call "TestWidgetsFlutterBinding.ensureInitialized()" as the first line in the test's "main()" method to initialize the binding.
If ServicesBinding is a custom binding mixin, there must also be a custom binding class, like WidgetsFlutterBinding, but that mixes in the selected binding, and that is the class that must be constructed before using the "instance" getter.
WesiOS secure session delete failed: Binding has not yet been initialized.
The "instance" getter on the ServicesBinding binding mixin is only available once that binding has been initialized.
Typically, this is done by calling "WidgetsFlutterBinding.ensureInitialized()" or "runApp()" (the latter calls the former). Typically this call is done in the "void main()" method. The "ensureInitialized" method is idempotent; calling it multiple times is not harmful. After calling that method, the "instance" getter will return the binding.
In a test, one can call "TestWidgetsFlutterBinding.ensureInitialized()" as the first line in the test's "main()" method to initialize the binding.
If ServicesBinding is a custom binding mixin, there must also be a custom binding class, like WidgetsFlutterBinding, but that mixes in the selected binding, and that is the class that must be constructed before using the "instance" getter.
::endgroup::
✅ /home/runner/work/WesiOS/WesiOS/test/knowledge_seed_test.dart: корни идут в заданном порядке и начинаются с «Начала»
✅ /home/runner/work/WesiOS/WesiOS/test/chat_service_test.dart: поиск по переписке находит без оглядки на регистр
✅ /home/runner/work/WesiOS/WesiOS/test/chat_service_test.dart: поиск по переписке стикеры не всплывают на слово из их имени
✅ /home/runner/work/WesiOS/WesiOS/test/chat_service_test.dart: поиск по переписке пустой запрос ничего не находит, а не находит всё
✅ /home/runner/work/WesiOS/WesiOS/test/chat_service_test.dart: поиск по переписке стёртое по сроку не ищется
✅ /home/runner/work/WesiOS/WesiOS/test/chat_service_test.dart: перенос в JSON разговор переживает круг
✅ /home/runner/work/WesiOS/WesiOS/test/chat_service_test.dart: перенос в JSON битая запись не разбирается
✅ /home/runner/work/WesiOS/WesiOS/test/secret_vault_test.dart: закрытое хранилище без разблокировки не читается и не пишется
✅ /home/runner/work/WesiOS/WesiOS/test/secret_vault_test.dart: закрытое хранилище без пароля Shield причина — «пароль не задан»
✅ /home/runner/work/WesiOS/WesiOS/test/wesi_quotes_test.dart: WesiQuotes every quote has both languages filled in
✅ /home/runner/work/WesiOS/WesiOS/test/wesi_quotes_test.dart: WesiQuotes there are no duplicate quotes
✅ /home/runner/work/WesiOS/WesiOS/test/wesi_quotes_test.dart: WesiQuotes no near-duplicates either — two phrases differing only by ё/е, case or punctuation read as the same quote to a human, and the exact-match check above would let them both through
✅ /home/runner/work/WesiOS/WesiOS/test/wesi_quotes_test.dart: WesiQuotes the pool is large enough that a given quote is rare
✅ /home/runner/work/WesiOS/WesiOS/test/wesi_quotes_test.dart: WesiQuotes walks the entire pool before repeating — the stride must stay coprime with the list length, otherwise the rotation collapses onto a small subset no matter how many quotes exist
✅ /home/runner/work/WesiOS/WesiOS/test/wesi_quotes_test.dart: WesiQuotes stays stable within one slot — the screen must not reshuffle the quote on every rebuild
✅ /home/runner/work/WesiOS/WesiOS/test/wesi_quotes_test.dart: WesiQuotes changes between slots within the same day
✅ /home/runner/work/WesiOS/WesiOS/test/wesi_quotes_test.dart: WesiQuotes changes from one day to the next
✅ /home/runner/work/WesiOS/WesiOS/test/wesi_quotes_test.dart: WesiQuotes does not repeat across a long run of consecutive slots — the stepping must not collapse into a short cycle
✅ /home/runner/work/WesiOS/WesiOS/test/wesi_quotes_test.dart: WesiQuotes every slot maps into the pool — no out-of-range index for a full year of slots
✅ /home/runner/work/WesiOS/WesiOS/test/secret_vault_test.dart: закрытое хранилище после unlock причина исчезает
✅ /home/runner/work/WesiOS/WesiOS/test/secret_vault_test.dart: запись и чтение что записали, то и прочитали
✅ /home/runner/work/WesiOS/WesiOS/test/secret_vault_test.dart: запись и чтение в Hive лежит шифротекст, а не значение
✅ /home/runner/work/WesiOS/WesiOS/test/employee_finance_org_test.dart: employee can see self plus allowed org aggregate without seeing coworker rows
✅ /home/runner/work/WesiOS/WesiOS/test/employee_finance_org_test.dart: CEO keeps personal self view while also seeing root organization and team
✅ /home/runner/work/WesiOS/WesiOS/test/employee_finance_org_test.dart: subtree finance is additive to self and requires explicit subtree grant
✅ /home/runner/work/WesiOS/WesiOS/test/secret_vault_test.dart: запись и чтение одно значение дважды даёт разный шифротекст
✅ /home/runner/work/WesiOS/WesiOS/test/secret_vault_test.dart: запись и чтение юникод и длинные значения переживают цикл
✅ /home/runner/work/WesiOS/WesiOS/test/audio_analysis_v2_service_test.dart: Quick Analysis v2 analyzes a real synthetic PCM WAV
✅ /home/runner/work/WesiOS/WesiOS/test/secret_vault_test.dart: запись и чтение пустое значение тоже шифруется и читается
✅ /home/runner/work/WesiOS/WesiOS/test/secret_vault_test.dart: запись и чтение имена видны, значения — нет
✅ /home/runner/work/WesiOS/WesiOS/test/time_center_models_test.dart: TimeAlarm one-shot alarm returns only its future occurrence
✅ /home/runner/work/WesiOS/WesiOS/test/time_center_models_test.dart: TimeAlarm weekday alarm keeps selected weekdays and clock time
✅ /home/runner/work/WesiOS/WesiOS/test/time_center_models_test.dart: TimeReminder monthly repeat clamps 31st into short month
✅ /home/runner/work/WesiOS/WesiOS/test/time_center_models_test.dart: persistent timer remaining time is calculated from absolute target
✅ /home/runner/work/WesiOS/WesiOS/test/time_center_models_test.dart: persistent stopwatch elapsed time includes time passed since start timestamp
✅ /home/runner/work/WesiOS/WesiOS/test/time_center_models_test.dart: persistent stopwatch json roundtrip preserves laps and running state
✅ /home/runner/work/WesiOS/WesiOS/test/secret_vault_test.dart: чужой пароль другим паролем значение не открывается
✅ /home/runner/work/WesiOS/WesiOS/test/recurring_payment_automation_test.dart: throttles repeated automatic runs and retries after interval
✅ /home/runner/work/WesiOS/WesiOS/test/recurring_payment_automation_test.dart: multiple triggers share one in-flight materialization
✅ /home/runner/work/WesiOS/WesiOS/test/secret_vault_test.dart: чужой пароль и не превращается в мусор, который приняли бы за данные
::group::✅ /home/runner/work/WesiOS/WesiOS/test/sync_endpoint_secure_storage_test.dart: WesiOS auth token and session id are never persisted in Hive
WesiOS secure session delete failed: Binding has not yet been initialized.
The "instance" getter on the ServicesBinding binding mixin is only available once that binding has been initialized.
Typically, this is done by calling "WidgetsFlutterBinding.ensureInitialized()" or "runApp()" (the latter calls the former). Typically this call is done in the "void main()" method. The "ensureInitialized" method is idempotent; calling it multiple times is not harmful. After calling that method, the "instance" getter will return the binding.
In a test, one can call "TestWidgetsFlutterBinding.ensureInitialized()" as the first line in the test's "main()" method to initialize the binding.
If ServicesBinding is a custom binding mixin, there must also be a custom binding class, like WidgetsFlutterBinding, but that mixes in the selected binding, and that is the class that must be constructed before using the "instance" getter.
WesiOS secure session write failed: Binding has not yet been initialized.
The "instance" getter on the ServicesBinding binding mixin is only available once that binding has been initialized.
Typically, this is done by calling "WidgetsFlutterBinding.ensureInitialized()" or "runApp()" (the latter calls the former). Typically this call is done in the "void main()" method. The "ensureInitialized" method is idempotent; calling it multiple times is not harmful. After calling that method, the "instance" getter will return the binding.
In a test, one can call "TestWidgetsFlutterBinding.ensureInitialized()" as the first line in the test's "main()" method to initialize the binding.
If ServicesBinding is a custom binding mixin, there must also be a custom binding class, like WidgetsFlutterBinding, but that mixes in the selected binding, and that is the class that must be constructed before using the "instance" getter.
::endgroup::
::group::✅ /home/runner/work/WesiOS/WesiOS/test/sync_endpoint_secure_storage_test.dart: (tearDownAll)
WesiOS secure session delete failed: Binding has not yet been initialized.
The "instance" getter on the ServicesBinding binding mixin is only available once that binding has been initialized.
Typically, this is done by calling "WidgetsFlutterBinding.ensureInitialized()" or "runApp()" (the latter calls the former). Typically this call is done in the "void main()" method. The "ensureInitialized" method is idempotent; calling it multiple times is not harmful. After calling that method, the "instance" getter will return the binding.
In a test, one can call "TestWidgetsFlutterBinding.ensureInitialized()" as the first line in the test's "main()" method to initialize the binding.
If ServicesBinding is a custom binding mixin, there must also be a custom binding class, like WidgetsFlutterBinding, but that mixes in the selected binding, and that is the class that must be constructed before using the "instance" getter.
::endgroup::
✅ /home/runner/work/WesiOS/WesiOS/test/secret_vault_test.dart: чужой пароль верный пароль после неверного снова открывает
✅ /home/runner/work/WesiOS/WesiOS/test/secret_vault_test.dart: порча данных изменённый шифротекст не расшифровывается
✅ /home/runner/work/WesiOS/WesiOS/test/organization_ui_contract_test.dart: Treasury and Analytics visibly surface subtree organization breakdown
✅ /home/runner/work/WesiOS/WesiOS/test/organization_ui_contract_test.dart: organization management exposes edit and granular permission controls
✅ /home/runner/work/WesiOS/WesiOS/test/organization_ui_contract_test.dart: My Finance keeps self view plus period dynamics and personal risks
✅ /home/runner/work/WesiOS/WesiOS/test/organization_ui_contract_test.dart: CRM UI writes stable employee IDs for clients and deals
✅ /home/runner/work/WesiOS/WesiOS/test/organization_ui_contract_test.dart: Contacts follows organization context and grants new members to current org
✅ /home/runner/work/WesiOS/WesiOS/test/organization_ui_contract_test.dart: organization access editor uses human labels and presets
✅ /home/runner/work/WesiOS/WesiOS/test/organization_ui_contract_test.dart: Contacts can filter and sort by organization and position
✅ /home/runner/work/WesiOS/WesiOS/test/secret_vault_test.dart: порча данных подменённый тег аутентификации тоже отвергается
✅ /home/runner/work/WesiOS/WesiOS/test/secret_vault_test.dart: порча данных обрезанная запись не роняет чтение
✅ /home/runner/work/WesiOS/WesiOS/test/calendar_clock_surface_test.dart: completed Calendar is the only legacy calendar entry point
✅ /home/runner/work/WesiOS/WesiOS/test/calendar_clock_surface_test.dart: home clock opens the four-tool Time Center
✅ /home/runner/work/WesiOS/WesiOS/test/calendar_clock_surface_test.dart: persistent schedules are restored and Android can schedule exact alarms
✅ /home/runner/work/WesiOS/WesiOS/test/secret_vault_test.dart: порча данных мусор вместо base64 не роняет чтение
✅ /home/runner/work/WesiOS/WesiOS/test/secret_vault_test.dart: удаление delete убирает и запись, и имя
✅ /home/runner/work/WesiOS/WesiOS/test/secret_vault_test.dart: удаление wipe стирает всё и закрывает хранилище
✅ /home/runner/work/WesiOS/WesiOS/test/sync_auto_test.dart: правка человека считается
✅ /home/runner/work/WesiOS/WesiOS/test/sync_auto_test.dart: приехавшее с сервера — не считается
✅ /home/runner/work/WesiOS/WesiOS/test/sync_auto_test.dart: удаление человеком считается
✅ /home/runner/work/WesiOS/WesiOS/test/sync_auto_test.dart: ожидание снимается один раз, а не навсегда
✅ /home/runner/work/WesiOS/WesiOS/test/sync_auto_test.dart: отметка времени приехавшего берётся с сервера, а не текущая
✅ /home/runner/work/WesiOS/WesiOS/test/secret_vault_test.dart: соль переживает перезапуск — иначе тот же пароль дал бы другой ключ
✅ /home/runner/work/WesiOS/WesiOS/test/secret_vault_test.dart: соль соль хранилища отличается от соли пароля Shield
✅ /home/runner/work/WesiOS/WesiOS/test/audio_analysis_v2_model_test.dart: AudioAnalysisReport v2 JSON roundtrip keeps extended metrics
✅ /home/runner/work/WesiOS/WesiOS/test/audio_analysis_v2_model_test.dart: old report JSON remains readable with safe v2 defaults
✅ /home/runner/work/WesiOS/WesiOS/test/employee_finance_dynamics_test.dart: self comparison uses the immediately previous equal-length period
✅ /home/runner/work/WesiOS/WesiOS/test/employee_finance_dynamics_test.dart: self risks include overdue responsible CRM deal and anomalous expense
✅ /home/runner/work/WesiOS/WesiOS/test/employee_finance_dynamics_test.dart: CRM service never silently reattributes explicit custom or empty responsibility
✅ /home/runner/work/WesiOS/WesiOS/test/windows_time_scheduler_test.dart: Windows notification launch arguments round-trip arbitrary text
✅ /home/runner/work/WesiOS/WesiOS/test/windows_time_scheduler_test.dart: Windows notification launch parser rejects incomplete payload
✅ /home/runner/work/WesiOS/WesiOS/test/windows_time_scheduler_test.dart: Windows task names are deterministic and Task Scheduler safe
✅ /home/runner/work/WesiOS/WesiOS/test/windows_time_scheduler_test.dart: main handles notification-only launch before normal desktop startup
✅ /home/runner/work/WesiOS/WesiOS/test/windows_time_scheduler_test.dart: Windows scheduling uses Task Scheduler with process fallback
✅ /home/runner/work/WesiOS/WesiOS/test/team_visibility_test.dart: нижние вкладки новый сотрудник видит главную, задачи и «Ещё»
✅ /home/runner/work/WesiOS/WesiOS/test/team_visibility_test.dart: нижние вкладки финансы и аналитика не показываются, пока не открыты
✅ /home/runner/work/WesiOS/WesiOS/test/team_visibility_test.dart: нижние вкладки владелец видит все пять
✅ /home/runner/work/WesiOS/WesiOS/test/team_visibility_test.dart: нижние вкладки открыли финансы — вкладка появилась на своём месте
✅ /home/runner/work/WesiOS/WesiOS/test/team_visibility_test.dart: нижние вкладки человек без единого права всё равно не заперт
✅ /home/runner/work/WesiOS/WesiOS/test/team_visibility_test.dart: нижние вкладки порядок вкладок не зависит от набора прав
✅ /home/runner/work/WesiOS/WesiOS/test/team_visibility_test.dart: пункты меню «Ещё» новому сотруднику видны только задачи
✅ /home/runner/work/WesiOS/WesiOS/test/team_visibility_test.dart: пункты меню «Ещё» Wesi Shield и Ключи закрыты по умолчанию
✅ /home/runner/work/WesiOS/WesiOS/test/team_visibility_test.dart: пункты меню «Ещё» контакты и чаты тоже закрыты по умолчанию
✅ /home/runner/work/WesiOS/WesiOS/test/team_visibility_test.dart: пункты меню «Ещё» владельцу видно всё
✅ /home/runner/work/WesiOS/WesiOS/test/team_visibility_test.dart: пункты меню «Ещё» выданное право добавляет ровно один пункт
✅ /home/runner/work/WesiOS/WesiOS/test/team_visibility_test.dart: управление людьми кнопка «добавить сотрудника» скрыта без права
✅ /home/runner/work/WesiOS/WesiOS/test/team_visibility_test.dart: управление людьми право можно выдать отдельно от доступа к контактам
✅ /home/runner/work/WesiOS/WesiOS/test/team_visibility_test.dart: управление людьми скрытые заметки закрыты, даже когда контакты открыты
✅ /home/runner/work/WesiOS/WesiOS/test/mobile_ux_01918_test.dart: home keeps WesiOS name and exact balance
✅ /home/runner/work/WesiOS/WesiOS/test/mobile_ux_01918_test.dart: more tab marks calendar ready and respects system inset
✅ /home/runner/work/WesiOS/WesiOS/test/mobile_ux_01918_test.dart: transaction editor has both date and time picker
✅ /home/runner/work/WesiOS/WesiOS/test/mobile_ux_01918_test.dart: operations have date sections and visible operation time
✅ /home/runner/work/WesiOS/WesiOS/test/mobile_ux_01918_test.dart: theme applies launcher icon and light alias is distinct
✅ /home/runner/work/WesiOS/WesiOS/test/mobile_ux_01918_test.dart: roadmap exposes zoom and team picker
✅ /home/runner/work/WesiOS/WesiOS/test/mobile_ux_01918_test.dart: short forecast no longer forces 30 days of history
✅ /home/runner/work/WesiOS/WesiOS/test/mobile_ux_01918_test.dart: recurring what-if survives preset JSON roundtrip
✅ /home/runner/work/WesiOS/WesiOS/test/mobile_ux_01918_test.dart: stopwatch source no longer formats hundredths
✅ /home/runner/work/WesiOS/WesiOS/test/treasury_engines_test.dart: ForecastEngine long horizons keeps the full path count on short horizons
✅ /home/runner/work/WesiOS/WesiOS/test/treasury_engines_test.dart: ForecastEngine long horizons scales the path count down on multi-year horizons — cost is paths x days, and 5000 paths over five years is nine million steps, which visibly stalls a phone
✅ /home/runner/work/WesiOS/WesiOS/test/treasury_engines_test.dart: ForecastEngine long horizons never drops below the floor where percentiles get noisy
✅ /home/runner/work/WesiOS/WesiOS/test/horizon_truth_invariants_test.dart: schedule rows cannot manufacture high statistical confidence
✅ /home/runner/work/WesiOS/WesiOS/test/horizon_truth_invariants_test.dart: advanced recurring income with no real receipts is not committed cash
✅ /home/runner/work/WesiOS/WesiOS/test/horizon_truth_invariants_test.dart: probabilistic business cash lowers known-cash share
✅ /home/runner/work/WesiOS/WesiOS/test/horizon_truth_invariants_test.dart: runtime wiring never auto-posts recurring income as actual cash
✅ /home/runner/work/WesiOS/WesiOS/test/calendar_sync_surface_test.dart: own Calendar events participate in WesiOS device sync
✅ /home/runner/work/WesiOS/WesiOS/test/calendar_sync_surface_test.dart: device-local Time Center state is not added to SyncCodec
✅ /home/runner/work/WesiOS/WesiOS/test/treasury_engines_test.dart: ForecastEngine long horizons a five-year forecast still returns ordered percentiles for every day of the horizon
✅ /home/runner/work/WesiOS/WesiOS/test/treasury_engines_test.dart: ForecastEngine returns insufficientData with fewer than 3 transactions
✅ /home/runner/work/WesiOS/WesiOS/test/treasury_engines_test.dart: ForecastEngine refuses to forecast from a single day of one-off transactions (regression: one day of history produced zero volatility, so all 5000 paths were identical and the chart showed a confident straight line with p10 == p50 == p90)
✅ /home/runner/work/WesiOS/WesiOS/test/treasury_engines_test.dart: ForecastEngine a short history still forecasts when recurring payments carry it — there the straight line is the correct deterministic answer, not an artefact of missing data
✅ /home/runner/work/WesiOS/WesiOS/test/live_sync_revision_test.dart: PocketBaseTransport.revisionFromResponse uses newest record id and WesiOS sync stamp
✅ /home/runner/work/WesiOS/WesiOS/test/live_sync_revision_test.dart: PocketBaseTransport.revisionFromResponse empty server has stable watermark
✅ /home/runner/work/WesiOS/WesiOS/test/live_sync_revision_test.dart: PocketBaseTransport.revisionFromResponse sync stamp is the canonical revision timestamp
✅ /home/runner/work/WesiOS/WesiOS/test/treasury_engines_test.dart: ForecastEngine percentiles are ordered (p10 <= p50 <= p90) for every day, and series length matches the requested horizon
✅ /home/runner/work/WesiOS/WesiOS/test/treasury_engines_test.dart: ForecastEngine deterministic recurring payments produce an exact, zero-volatility trajectory when there is no other transaction noise
✅ /home/runner/work/WesiOS/WesiOS/test/treasury_engines_test.dart: ForecastEngine Cash Gap Risk Score: a draining recurring expense trips runway and the 5% risk alert at the correct day
✅ /home/runner/work/WesiOS/WesiOS/test/treasury_engines_test.dart: ForecastEngine What-If: a one-off virtual event shifts the median trajectory only on and after its day, without touching the real transaction list
✅ /home/runner/work/WesiOS/WesiOS/test/treasury_engines_test.dart: ForecastEngine What-If: income multiplier scales only the income stream, expenses stay untouched
✅ /home/runner/work/WesiOS/WesiOS/test/topic_manual_split_test.dart: без ручного разделения заголовков нет
✅ /home/runner/work/WesiOS/WesiOS/test/topic_manual_split_test.dart: после разделения заголовок появляется ровно там, где разделили
✅ /home/runner/work/WesiOS/WesiOS/test/topic_manual_split_test.dart: у ручного блока осмысленное название, а не заглушка
✅ /home/runner/work/WesiOS/WesiOS/test/topic_manual_split_test.dart: про разделённое место больше не спрашивают
✅ /home/runner/work/WesiOS/WesiOS/test/topic_manual_split_test.dart: служебные строки не сдвигают заголовок
✅ /home/runner/work/WesiOS/WesiOS/test/topic_manual_split_test.dart: два разделения дают два заголовка
✅ /home/runner/work/WesiOS/WesiOS/test/topic_manual_split_test.dart: короткая переписка тоже делится вручную
✅ /home/runner/work/WesiOS/WesiOS/test/global_search_test.dart: нормализация регистр и «ё» не мешают попасть в цель
✅ /home/runner/work/WesiOS/WesiOS/test/global_search_test.dart: нормализация запрос короче двух символов ничего не ищет — иначе на одну букву вываливалась бы вся база
✅ /home/runner/work/WesiOS/WesiOS/test/global_search_test.dart: ранжирование точное совпадение выше вхождения в середину
✅ /home/runner/work/WesiOS/WesiOS/test/global_search_test.dart: ранжирование совпадение с начала названия выше совпадения в описании
✅ /home/runner/work/WesiOS/WesiOS/test/global_search_test.dart: ранжирование порядок при равном счёте устойчив, а не случаен
✅ /home/runner/work/WesiOS/WesiOS/test/global_search_test.dart: источники раздел находится по слову из его описания, а не только по имени
✅ /home/runner/work/WesiOS/WesiOS/test/global_search_test.dart: источники Wesi Shield ищется и по-русски, и по-английски
✅ /home/runner/work/WesiOS/WesiOS/test/global_search_test.dart: источники задача находится по тегу
✅ /home/runner/work/WesiOS/WesiOS/test/global_search_test.dart: источники статья находится по тексту, а не только по заголовку
✅ /home/runner/work/WesiOS/WesiOS/test/treasury_engines_test.dart: ForecastEngine DCF discounting reduces future balances toward zero at the given annual rate, does not affect belowZeroProbability
✅ /home/runner/work/WesiOS/WesiOS/test/global_search_test.dart: источники счёт находится по названию
✅ /home/runner/work/WesiOS/WesiOS/test/treasury_engines_test.dart: RecurringEngine advance() clamps to the last valid day of a shorter month
✅ /home/runner/work/WesiOS/WesiOS/test/global_search_test.dart: источники каждый результат ведёт на существующий маршрут
✅ /home/runner/work/WesiOS/WesiOS/test/treasury_engines_test.dart: RecurringEngine advance() clamps Feb 29 forward across a non-leap year
✅ /home/runner/work/WesiOS/WesiOS/test/treasury_engines_test.dart: RecurringEngine isDue no longer perpetually fires once the anchor is advanced (regression: old _shouldProcess compared against the original creation date forever and would refire indefinitely)
✅ /home/runner/work/WesiOS/WesiOS/test/treasury_engines_test.dart: RecurringEngine projectFutureContributions places a weekly payment exactly 7 days apart within the horizon
✅ /home/runner/work/WesiOS/WesiOS/test/global_search_test.dart: ограничение выдачи лимит общий, а не по источникам: точная задача не вытесняется сотней подходящих операций
✅ /home/runner/work/WesiOS/WesiOS/test/treasury_engines_test.dart: AnomalyEngine flags a large one-off expense against a stable baseline
✅ /home/runner/work/WesiOS/WesiOS/test/treasury_engines_test.dart: AnomalyEngine returns nothing with fewer than 4 expenses
✅ /home/runner/work/WesiOS/WesiOS/test/topic_ai_test.dart: разбор ответа модели чистый JSON разбирается
✅ /home/runner/work/WesiOS/WesiOS/test/topic_ai_test.dart: разбор ответа модели ответ в ```json … ``` тоже разбирается
✅ /home/runner/work/WesiOS/WesiOS/test/topic_ai_test.dart: разбор ответа модели ответ без поля split — это не ответ
✅ /home/runner/work/WesiOS/WesiOS/test/topic_ai_test.dart: разбор ответа модели рассуждение вместо JSON — не ответ
✅ /home/runner/work/WesiOS/WesiOS/test/topic_ai_test.dart: разбор ответа модели уверенность вне диапазона подрезается
✅ /home/runner/work/WesiOS/WesiOS/test/topic_ai_test.dart: разбор ответа модели без уверенности берётся середина, а не ноль и не единица
✅ /home/runner/work/WesiOS/WesiOS/test/topic_ai_test.dart: граница приватности по умолчанию — свой сервер, не «любая модель»
✅ /home/runner/work/WesiOS/WesiOS/test/topic_ai_test.dart: граница приватности режим «только на устройстве» не пускает наружу ничего
✅ /home/runner/work/WesiOS/WesiOS/test/topic_ai_test.dart: граница приватности «моя модель»: личный чат к внешнему поставщику не уходит
✅ /home/runner/work/WesiOS/WesiOS/test/topic_ai_test.dart: граница приватности «любая модель» пускает и личные чаты
✅ /home/runner/work/WesiOS/WesiOS/test/topic_ai_test.dart: граница приватности известные внешние поставщики распознаются
✅ /home/runner/work/WesiOS/WesiOS/test/topic_ai_test.dart: граница приватности подпись под чатом всегда соответствует настройке
✅ /home/runner/work/WesiOS/WesiOS/test/topic_ai_test.dart: граница приватности без настроенной модели подпись про неё не врёт
✅ /home/runner/work/WesiOS/WesiOS/test/topic_ai_test.dart: граница приватности человеку видно, чем размечено на самом деле
✅ /home/runner/work/WesiOS/WesiOS/test/topic_ai_test.dart: граница приватности в рабочем чате владелец назван всегда
✅ /home/runner/work/WesiOS/WesiOS/test/topic_ai_test.dart: поведение при отказе модели молчание модели откатывает к местной разметке
✅ /home/runner/work/WesiOS/WesiOS/test/topic_ai_test.dart: поведение при отказе модели без ключа судья честно недоступен
✅ /home/runner/work/WesiOS/WesiOS/test/topic_ai_test.dart: поведение при отказе модели «одна тема» от модели убирает вопрос
✅ /home/runner/work/WesiOS/WesiOS/test/topic_ai_test.dart: поведение при отказе модели уверенная модель режет без вопроса
✅ /home/runner/work/WesiOS/WesiOS/test/topic_ai_test.dart: поведение при отказе модели неуверенная модель даёт вопрос с человеческим названием
✅ /home/runner/work/WesiOS/WesiOS/test/topic_ai_test.dart: текст вопроса без названия спрашивают проще, а не про пустоту
✅ /home/runner/work/WesiOS/WesiOS/test/attachment_test.dart: тип содержимого картинки узнаются по расширению
✅ /home/runner/work/WesiOS/WesiOS/test/attachment_test.dart: тип содержимого документ картинкой не считается
✅ /home/runner/work/WesiOS/WesiOS/test/attachment_test.dart: тип содержимого решение принимается по типу, а не по имени
✅ /home/runner/work/WesiOS/WesiOS/test/attachment_test.dart: тип содержимого незнакомое расширение не роняет разбор
✅ /home/runner/work/WesiOS/WesiOS/test/attachment_test.dart: размер словами байты, килобайты и мегабайты
✅ /home/runner/work/WesiOS/WesiOS/test/attachment_test.dart: перенос описания переживает круг через карту
✅ /home/runner/work/WesiOS/WesiOS/test/attachment_test.dart: перенос описания битое описание не разбирается, а не подставляет пустоту
✅ /home/runner/work/WesiOS/WesiOS/test/attachment_test.dart: перенос описания приехавшее без пути — это описание без файла
✅ /home/runner/work/WesiOS/WesiOS/test/attachment_test.dart: вложение внутри сообщения читается из сообщения
✅ /home/runner/work/WesiOS/WesiOS/test/attachment_test.dart: вложение внутри сообщения сообщение без вложения не ломается
✅ /home/runner/work/WesiOS/WesiOS/test/attachment_test.dart: вложение внутри сообщения битое вложение не отнимает текст сообщения
✅ /home/runner/work/WesiOS/WesiOS/test/attachment_test.dart: вложение внутри сообщения переживает круг через JSON вместе с сообщением
✅ /home/runner/work/WesiOS/WesiOS/test/horizon_legacy_income_truth_test.dart: legacy auto-generated recurring income is not treated as actual cash
✅ /home/runner/work/WesiOS/WesiOS/test/tasks_and_whatif_test.dart: TaskModel a past due date marks the task overdue
✅ /home/runner/work/WesiOS/WesiOS/test/tasks_and_whatif_test.dart: TaskModel a finished task is never overdue — otherwise the board turns red from work that is already done
✅ /home/runner/work/WesiOS/WesiOS/test/tasks_and_whatif_test.dart: TaskModel today is due-today, not overdue
✅ /home/runner/work/WesiOS/WesiOS/test/tasks_and_whatif_test.dart: TaskModel no due date means neither overdue nor due today
✅ /home/runner/work/WesiOS/WesiOS/test/tasks_and_whatif_test.dart: TaskModel checklist progress counts only finished items
✅ /home/runner/work/WesiOS/WesiOS/test/tasks_and_whatif_test.dart: TaskModel copyWith(clearDueDate) actually clears it — a plain null argument is indistinguishable from "not passed" and would keep the old date
✅ /home/runner/work/WesiOS/WesiOS/test/tasks_and_whatif_test.dart: TaskModel copyWith preserves id and createdAt
✅ /home/runner/work/WesiOS/WesiOS/test/tasks_and_whatif_test.dart: WhatIfPreset round-trips through JSON with multipliers intact
✅ /home/runner/work/WesiOS/WesiOS/test/tasks_and_whatif_test.dart: WhatIfPreset an event is stored as a day offset, so a saved scenario stays in the future instead of silently falling out of the forecast horizon once its hard-coded date passes
✅ /home/runner/work/WesiOS/WesiOS/test/tasks_and_whatif_test.dart: WhatIfPreset an offset that would land in the past is pulled forward to day 1 — the engine ignores events at or before today, so storing 0 or a negative offset would silently disable the scenario
✅ /home/runner/work/WesiOS/WesiOS/test/tasks_and_whatif_test.dart: WhatIfPreset a malformed entry yields null instead of throwing — one corrupt record must not take the whole scenario list down
✅ /home/runner/work/WesiOS/WesiOS/test/tasks_and_whatif_test.dart: WhatIfPreset summary describes what the scenario changes
✅ /home/runner/work/WesiOS/WesiOS/test/contacts_screen_layout_test.dart: узкий телефон карточка помещается в 360 точек
✅ /home/runner/work/WesiOS/WesiOS/test/calendar_event_model_test.dart: CalendarEvent recurrence weekly event occurs only on matching weekday after start
✅ /home/runner/work/WesiOS/WesiOS/test/calendar_event_model_test.dart: CalendarEvent recurrence monthly event clamps day to the last day of short month
✅ /home/runner/work/WesiOS/WesiOS/test/calendar_event_model_test.dart: CalendarEvent recurrence yearly leap-day event clamps in a non-leap year
✅ /home/runner/work/WesiOS/WesiOS/test/calendar_event_model_test.dart: CalendarEvent recurrence nextOccurrences never returns a past occurrence
✅ /home/runner/work/WesiOS/WesiOS/test/contacts_screen_layout_test.dart: узкий телефон и в 320 тоже
✅ /home/runner/work/WesiOS/WesiOS/test/contacts_screen_layout_test.dart: очень длинное имя и метка владельца помещается в 360 точек
✅ /home/runner/work/WesiOS/WesiOS/test/contacts_screen_layout_test.dart: очень длинное имя и метка владельца помещается в 320 точек
✅ /home/runner/work/WesiOS/WesiOS/test/contacts_screen_layout_test.dart: очень длинная должность помещается в 360 точек
✅ /home/runner/work/WesiOS/WesiOS/test/contacts_screen_layout_test.dart: очень длинная должность помещается в 320 точек
✅ /home/runner/work/WesiOS/WesiOS/test/contacts_screen_layout_test.dart: длинное имя в одно слово помещается в 360 точек
✅ /home/runner/work/WesiOS/WesiOS/test/contacts_screen_layout_test.dart: длинное имя в одно слово помещается в 320 точек
✅ /home/runner/work/WesiOS/WesiOS/test/contacts_screen_layout_test.dart: длинная почта помещается в 360 точек
✅ /home/runner/work/WesiOS/WesiOS/test/contacts_screen_layout_test.dart: длинная почта помещается в 320 точек
✅ /home/runner/work/WesiOS/WesiOS/test/team_permissions_test.dart: что закрыто по умолчанию пустой набор не открывает ни один настраиваемый модуль
✅ /home/runner/work/WesiOS/WesiOS/test/team_permissions_test.dart: что закрыто по умолчанию главная, настройки и профиль открыты всегда
✅ /home/runner/work/WesiOS/WesiOS/test/team_permissions_test.dart: что закрыто по умолчанию новому сотруднику открыты задачи и ничего сверх
✅ /home/runner/work/WesiOS/WesiOS/test/team_permissions_test.dart: что закрыто по умолчанию сотрудник по умолчанию не управляет людьми и не видит чужого
✅ /home/runner/work/WesiOS/WesiOS/test/team_permissions_test.dart: что закрыто по умолчанию владельцу открыто всё
✅ /home/runner/work/WesiOS/WesiOS/test/contacts_screen_layout_test.dart: пять ссылок помещается в 360 точек
✅ /home/runner/work/WesiOS/WesiOS/test/team_permissions_test.dart: переключение модулей включение открывает ровно один модуль
✅ /home/runner/work/WesiOS/WesiOS/test/team_permissions_test.dart: переключение модулей выключение закрывает обратно
✅ /home/runner/work/WesiOS/WesiOS/test/team_permissions_test.dart: переключение модулей повторное включение не плодит дублей
✅ /home/runner/work/WesiOS/WesiOS/test/team_permissions_test.dart: переключение модулей «всегда открытые» нельзя отобрать
✅ /home/runner/work/WesiOS/WesiOS/test/team_permissions_test.dart: база знаний по разделам без доступа не открыта ни одна статья
✅ /home/runner/work/WesiOS/WesiOS/test/team_permissions_test.dart: база знаний по разделам открытая статья видна, соседняя — нет
✅ /home/runner/work/WesiOS/WesiOS/test/team_permissions_test.dart: база знаний по разделам «вся база» открывает и то, чего ещё нет
✅ /home/runner/work/WesiOS/WesiOS/test/team_permissions_test.dart: база знаний по разделам выбор отдельной статьи снимает «всю базу»
✅ /home/runner/work/WesiOS/WesiOS/test/team_permissions_test.dart: перенос в JSON и обратно набор переживает круг
✅ /home/runner/work/WesiOS/WesiOS/test/team_permissions_test.dart: перенос в JSON и обратно битый JSON читается как «ничего не открыто»
✅ /home/runner/work/WesiOS/WesiOS/test/team_permissions_test.dart: перенос в JSON и обратно неизвестные значения не открывают лишнего
✅ /home/runner/work/WesiOS/WesiOS/test/team_permissions_test.dart: группировка для экрана прав каждый модуль попал ровно в одну группу
✅ /home/runner/work/WesiOS/WesiOS/test/team_permissions_test.dart: группировка для экрана прав у каждого модуля есть название на обоих языках
✅ /home/runner/work/WesiOS/WesiOS/test/contacts_screen_layout_test.dart: пять ссылок помещается в 320 точек
✅ /home/runner/work/WesiOS/WesiOS/test/contacts_screen_layout_test.dart: подпись о заметке помещается в 360 точек
✅ /home/runner/work/WesiOS/WesiOS/test/contacts_screen_layout_test.dart: подпись о заметке помещается в 320 точек
✅ /home/runner/work/WesiOS/WesiOS/test/contacts_screen_layout_test.dart: всё длинное сразу помещается в 360 точек
✅ /home/runner/work/WesiOS/WesiOS/test/contacts_screen_layout_test.dart: всё длинное сразу помещается в 320 точек
✅ /home/runner/work/WesiOS/WesiOS/test/contacts_screen_layout_test.dart: список из нескольких человек все трое строятся без переполнения
✅ /home/runner/work/WesiOS/WesiOS/test/contacts_screen_layout_test.dart: список из нескольких человек низкий экран не ломает список
✅ /home/runner/work/WesiOS/WesiOS/test/contacts_screen_layout_test.dart: пусто пустой результат поиска строится
✅ /home/runner/work/WesiOS/WesiOS/test/chat_sync_test.dart: что уезжает рабочий чат уезжает, личный — нет
✅ /home/runner/work/WesiOS/WesiOS/test/chat_sync_test.dart: что уезжает сообщение личного чата не уезжает
✅ /home/runner/work/WesiOS/WesiOS/test/chat_sync_test.dart: что уезжает сообщение рабочего чата уезжает
✅ /home/runner/work/WesiOS/WesiOS/test/chat_sync_test.dart: что уезжает сообщение без своего чата не уезжает
✅ /home/runner/work/WesiOS/WesiOS/test/chat_sync_test.dart: что уезжает архивное не уезжает
✅ /home/runner/work/WesiOS/WesiOS/test/chat_sync_test.dart: что приезжает надгробие не дотягивается до архива
✅ /home/runner/work/WesiOS/WesiOS/test/chat_sync_test.dart: что приезжает чужая правка чата не сбрасывает своё непрочитанное
✅ /home/runner/work/WesiOS/WesiOS/test/chat_sync_test.dart: что приезжает незнакомый чат приезжает как есть
✅ /home/runner/work/WesiOS/WesiOS/test/chat_sync_test.dart: что приезжает битая запись не разбирается и не подставляет пустоту
✅ /home/runner/work/WesiOS/WesiOS/test/chat_sync_test.dart: состояние доставки движется уехавшее сообщение перестаёт быть «в ожидании»
✅ /home/runner/work/WesiOS/WesiOS/test/chat_sync_test.dart: состояние доставки движется чужое состояние не перебивается
✅ /home/runner/work/WesiOS/WesiOS/test/chat_sync_test.dart: состояние доставки движется отметка в журнале не сдвигается — иначе качель
✅ /home/runner/work/WesiOS/WesiOS/test/chat_sync_test.dart: состояние доставки движется состояние доставки на сервер не уезжает
✅ /home/runner/work/WesiOS/WesiOS/test/chat_sync_test.dart: состояние доставки движется приехавшее считается отправленным
✅ /home/runner/work/WesiOS/WesiOS/test/chat_sync_test.dart: перенос срок хранения чата переживает круг
✅ /home/runner/work/WesiOS/WesiOS/test/chat_sync_test.dart: перенос «докуда дочитал» на сервер не уезжает
✅ /home/runner/work/WesiOS/WesiOS/test/chat_sync_test.dart: перенос сообщение переживает круг вместе с пометками
✅ /home/runner/work/WesiOS/WesiOS/test/home_header_test.dart: месяц рядом с часами показывает все дни текущего месяца
✅ /home/runner/work/WesiOS/WesiOS/test/chat_sync_test.dart: порядок коллекций состав раньше разговоров, разговоры раньше сообщений
✅ /home/runner/work/WesiOS/WesiOS/test/chat_sync_test.dart: порядок коллекций журнал следит за боксами чатов
✅ /home/runner/work/WesiOS/WesiOS/test/home_header_test.dart: месяц рядом с часами сегодняшнее число подсвечено
✅ /home/runner/work/WesiOS/WesiOS/test/home_header_test.dart: месяц рядом с часами умещается в узкую колонку шапки
✅ /home/runner/work/WesiOS/WesiOS/test/home_header_test.dart: цитата перекрашивается сразу при смене темы
✅ /home/runner/work/WesiOS/WesiOS/test/organization_migration_context_test.dart: legacy money/tasks/CRM are physically backfilled to Wesi Inc once
✅ /home/runner/work/WesiOS/WesiOS/test/organization_migration_context_test.dart: only and subtree select different Treasury sets
✅ /home/runner/work/WesiOS/WesiOS/test/firebase_rest_test.dart: настройка проекта по умолчанию берётся проект из google-services.json
✅ /home/runner/work/WesiOS/WesiOS/test/firebase_rest_test.dart: настройка проекта зашитые значения не пустые и похожи на настоящие
✅ /home/runner/work/WesiOS/WesiOS/test/firebase_rest_test.dart: настройка проекта значения из настроек перекрывают зашитые
✅ /home/runner/work/WesiOS/WesiOS/test/firebase_rest_test.dart: настройка проекта пробелы обрезаются — вставка из консоли часто тащит их
✅ /home/runner/work/WesiOS/WesiOS/test/firebase_rest_test.dart: настройка проекта пустое переопределение возвращает к зашитому, а не ломает вход
✅ /home/runner/work/WesiOS/WesiOS/test/firebase_rest_test.dart: вход при пустом проекте честно говорит «не настроен», а не молчит
✅ /home/runner/work/WesiOS/WesiOS/test/firebase_rest_test.dart: сессия переживает перезапуск
✅ /home/runner/work/WesiOS/WesiOS/test/firebase_rest_test.dart: сессия выход стирает её
✅ /home/runner/work/WesiOS/WesiOS/test/firebase_rest_test.dart: сессия «не запоминать» стирает копию на диске, но не выкидывает из входа
✅ /home/runner/work/WesiOS/WesiOS/test/firebase_rest_test.dart: сессия битая запись не считается сессией и не роняет чтение
✅ /home/runner/work/WesiOS/WesiOS/test/firebase_rest_test.dart: сессия запись без обязательных полей отбрасывается
✅ /home/runner/work/WesiOS/WesiOS/test/firebase_rest_test.dart: сессия живая сессия не считается истёкшей
✅ /home/runner/work/WesiOS/WesiOS/test/firebase_rest_test.dart: сессия истёкшая — считается
✅ /home/runner/work/WesiOS/WesiOS/test/firebase_rest_test.dart: сессия сессия, истекающая через полминуты, уже негодна
✅ /home/runner/work/WesiOS/WesiOS/test/firebase_rest_test.dart: человеческие сообщения об ошибках коды Firebase переводятся, а не показываются как есть
✅ /home/runner/work/WesiOS/WesiOS/test/firebase_rest_test.dart: человеческие сообщения об ошибках неверная почта и неверный пароль звучат одинаково
✅ /home/runner/work/WesiOS/WesiOS/test/firebase_rest_test.dart: человеческие сообщения об ошибках незнакомый код показывается как есть, а не глотается
✅ /home/runner/work/WesiOS/WesiOS/test/horizon_explainability_probability_test.dart: probabilistic business event is attributed once, not as fake committed remainder
✅ /home/runner/work/WesiOS/WesiOS/test/shield_test.dart: PBKDF2 — соответствие RFC 6070 P="password", S="salt", c=1
✅ /home/runner/work/WesiOS/WesiOS/test/shield_test.dart: PBKDF2 — соответствие RFC 6070 P="password", S="salt", c=2
✅ /home/runner/work/WesiOS/WesiOS/test/shield_test.dart: PBKDF2 — соответствие RFC 6070 P="password", S="salt", c=4096
✅ /home/runner/work/WesiOS/WesiOS/test/shield_test.dart: derive разная соль даёт разный ключ при одном пароле — иначе одинаковые пароли двух пользователей имели бы одинаковый хэш
✅ /home/runner/work/WesiOS/WesiOS/test/shield_test.dart: derive одинаковый вход даёт одинаковый выход
✅ /home/runner/work/WesiOS/WesiOS/test/shield_test.dart: derive число итераций входит в результат — иначе понизить стойкость можно было бы, просто подменив счётчик в хранилище
✅ /home/runner/work/WesiOS/WesiOS/test/shield_test.dart: derive ключ имеет полную длину SHA-256
✅ /home/runner/work/WesiOS/WesiOS/test/shield_test.dart: passwordStrength слишком короткий пароль — ноль
✅ /home/runner/work/WesiOS/WesiOS/test/shield_test.dart: passwordStrength длина и разнообразие символов повышают оценку
✅ /home/runner/work/WesiOS/WesiOS/test/shield_test.dart: passwordStrength оценка не выходит за 0..4
✅ /home/runner/work/WesiOS/WesiOS/test/app_update_test.dart: AppRelease.compareVersions compares numerically, not lexicographically — as strings "0.10.0" sorts BEFORE "0.9.0", and updates would silently stop being offered after the tenth minor
✅ /home/runner/work/WesiOS/WesiOS/test/app_update_test.dart: AppRelease.compareVersions equal versions compare equal regardless of shape
✅ /home/runner/work/WesiOS/WesiOS/test/app_update_test.dart: AppRelease.compareVersions a missing component counts as zero, not as "greater"
✅ /home/runner/work/WesiOS/WesiOS/test/app_update_test.dart: AppRelease.compareVersions garbage components degrade to zero instead of throwing
✅ /home/runner/work/WesiOS/WesiOS/test/app_update_test.dart: AppRelease.isNewerThan a higher version is newer even with a lower build number — the version wins, otherwise a rebuild counter reset would block the update forever
✅ /home/runner/work/WesiOS/WesiOS/test/app_update_test.dart: AppRelease.isNewerThan same version, higher build is newer
✅ /home/runner/work/WesiOS/WesiOS/test/app_update_test.dart: AppRelease.isNewerThan same version and build is not newer
✅ /home/runner/work/WesiOS/WesiOS/test/app_update_test.dart: AppRelease.isNewerThan an older version is never newer
✅ /home/runner/work/WesiOS/WesiOS/test/app_update_test.dart: AppRelease.tryParse parses a platform entry produced by the release workflow
✅ /home/runner/work/WesiOS/WesiOS/test/app_update_test.dart: AppRelease.tryParse returns null instead of throwing when version or asset is missing — a half-written manifest must not crash the check on startup
✅ /home/runner/work/WesiOS/WesiOS/test/app_update_test.dart: AppRelease.tryParse tolerates a missing build/size/notes block
✅ /home/runner/work/WesiOS/WesiOS/test/app_update_test.dart: release URLs point at the fixed app-latest tag, so the address baked into the app never has to change when a new version ships
✅ /home/runner/work/WesiOS/WesiOS/test/app_update_test.dart: свой сервер как источник обновлений по умолчанию — свой сервер, а не GitHub
✅ /home/runner/work/WesiOS/WesiOS/test/app_update_test.dart: свой сервер как источник обновлений адрес можно переопределить — иначе переезд сервера не пережить
✅ /home/runner/work/WesiOS/WesiOS/test/app_update_test.dart: свой сервер как источник обновлений лишние косые черты не превращаются в двойные
✅ /home/runner/work/WesiOS/WesiOS/test/app_update_test.dart: свой сервер как источник обновлений пустая строка возвращает адрес по умолчанию, а не ломает ссылки
✅ /home/runner/work/WesiOS/WesiOS/test/app_update_test.dart: контрольная сумма в манифесте разбирается, когда сервер её прислал
✅ /home/runner/work/WesiOS/WesiOS/test/app_update_test.dart: контрольная сумма в манифесте её отсутствие не мешает обновиться со старого источника
✅ /home/runner/work/WesiOS/WesiOS/test/app_update_test.dart: контрольная сумма в манифесте ссылка приклеивается, не теряя остального
✅ /home/runner/work/WesiOS/WesiOS/test/app_update_test.dart: коды ошибок несовпадение суммы — отдельный код, а не «ошибка скачивания»
✅ /home/runner/work/WesiOS/WesiOS/test/app_update_test.dart: коды ошибок у каждого кода свой заголовок — иначе они бесполезны
✅ /home/runner/work/WesiOS/WesiOS/test/shield_test.dart: перенос старого замка на ключах старый пароль продолжает подходить после обновления
✅ /home/runner/work/WesiOS/WesiOS/test/shield_test.dart: перенос старого замка на ключах чужой пароль по-прежнему не подходит
✅ /home/runner/work/WesiOS/WesiOS/test/inter_org_transfer_test.dart: transfer creates two linked legs and subtree elimination removes double count
✅ /home/runner/work/WesiOS/WesiOS/test/inter_org_transfer_test.dart: linked leg cannot be deleted alone; transfer cancellation removes both and audits
✅ /home/runner/work/WesiOS/WesiOS/test/shield_test.dart: перенос старого замка на ключах после успешного входа слабый SHA-256 заменяется на PBKDF2
✅ /home/runner/work/WesiOS/WesiOS/test/article_plain_text_test.dart: plainText: тело редактора (Delta Quill) достаёт текст из Delta, а не показывает JSON
✅ /home/runner/work/WesiOS/WesiOS/test/article_plain_text_test.dart: plainText: тело редактора (Delta Quill) кавычки внутри текста не ломают разбор
✅ /home/runner/work/WesiOS/WesiOS/test/article_plain_text_test.dart: plainText: тело редактора (Delta Quill) обратный слэш внутри текста не ломает разбор
✅ /home/runner/work/WesiOS/WesiOS/test/article_plain_text_test.dart: plainText: тело редактора (Delta Quill) переводы строк остаются переводами строк
✅ /home/runner/work/WesiOS/WesiOS/test/article_plain_text_test.dart: plainText: тело редактора (Delta Quill) вставки-объекты (картинки) в текст не попадают
✅ /home/runner/work/WesiOS/WesiOS/test/article_plain_text_test.dart: plainText: тело редактора (Delta Quill) обычный текст остаётся собой
✅ /home/runner/work/WesiOS/WesiOS/test/article_plain_text_test.dart: plainText: тело редактора (Delta Quill) текст, начинающийся со скобки, не считается Delta
✅ /home/runner/work/WesiOS/WesiOS/test/article_plain_text_test.dart: plainText: тело редактора (Delta Quill) битый JSON возвращает тело как есть, а не пустоту
✅ /home/runner/work/WesiOS/WesiOS/test/article_plain_text_test.dart: excerpt не показывает служебные слова Delta
✅ /home/runner/work/WesiOS/WesiOS/test/article_plain_text_test.dart: excerpt обрезает длинный текст многоточием
✅ /home/runner/work/WesiOS/WesiOS/test/article_plain_text_test.dart: excerpt схлопывает переводы строк в пробелы
✅ /home/runner/work/WesiOS/WesiOS/test/article_plain_text_test.dart: matches: поиск находит слово внутри Delta-тела
✅ /home/runner/work/WesiOS/WesiOS/test/article_plain_text_test.dart: matches: поиск не находит служебные слова разметки
✅ /home/runner/work/WesiOS/WesiOS/test/article_plain_text_test.dart: matches: поиск пустой запрос подходит всем
✅ /home/runner/work/WesiOS/WesiOS/test/shield_test.dart: перенос старого замка на ключах включённая биометрия переносится вместе с паролем
✅ /home/runner/work/WesiOS/WesiOS/test/shield_test.dart: перенос старого замка на ключах без старого пароля и без нового защита не считается настроенной
✅ /home/runner/work/WesiOS/WesiOS/test/task_assignment_test.dart: право ставить задачи другим по умолчанию сотруднику не открыто
✅ /home/runner/work/WesiOS/WesiOS/test/task_assignment_test.dart: право ставить задачи другим у владельца открыто
✅ /home/runner/work/WesiOS/WesiOS/test/task_assignment_test.dart: право ставить задачи другим старая карточка без этого поля читается, а не падает
✅ /home/runner/work/WesiOS/WesiOS/test/task_assignment_test.dart: право ставить задачи другим переживает круг через JSON
✅ /home/runner/work/WesiOS/WesiOS/test/task_assignment_test.dart: назначение исполнителя без права исполнитель принудительно становится собой
✅ /home/runner/work/WesiOS/WesiOS/test/task_assignment_test.dart: назначение исполнителя с правом исполнитель остаётся тем, кого выбрали
✅ /home/runner/work/WesiOS/WesiOS/test/task_assignment_test.dart: назначение исполнителя сервис переписывает исполнителя, а не только диалог
::group::✅ /home/runner/work/WesiOS/WesiOS/test/task_assignment_test.dart: назначение исполнителя без входа локальный владелец не даёт административных прав
WesiOS secure session delete failed: Binding has not yet been initialized.
The "instance" getter on the ServicesBinding binding mixin is only available once that binding has been initialized.
Typically, this is done by calling "WidgetsFlutterBinding.ensureInitialized()" or "runApp()" (the latter calls the former). Typically this call is done in the "void main()" method. The "ensureInitialized" method is idempotent; calling it multiple times is not harmful. After calling that method, the "instance" getter will return the binding.
In a test, one can call "TestWidgetsFlutterBinding.ensureInitialized()" as the first line in the test's "main()" method to initialize the binding.
If ServicesBinding is a custom binding mixin, there must also be a custom binding class, like WidgetsFlutterBinding, but that mixes in the selected binding, and that is the class that must be constructed before using the "instance" getter.
::endgroup::
✅ /home/runner/work/WesiOS/WesiOS/test/task_assignment_test.dart: назначение исполнителя имя исполнителя берётся из состава
✅ /home/runner/work/WesiOS/WesiOS/test/task_assignment_test.dart: назначение исполнителя старая задача с именем строкой продолжает читаться
✅ /home/runner/work/WesiOS/WesiOS/test/task_assignment_test.dart: назначение исполнителя себя показываем первым в списке
✅ /home/runner/work/WesiOS/WesiOS/test/task_assignment_test.dart: назначение исполнителя снять исполнителя действительно можно
✅ /home/runner/work/WesiOS/WesiOS/test/task_assignment_test.dart: снимок сотрудника едет на сервер вместе с карточкой
✅ /home/runner/work/WesiOS/WesiOS/test/task_assignment_test.dart: снимок сотрудника карточка без снимка не ломает разбор
✅ /home/runner/work/WesiOS/WesiOS/test/task_assignment_test.dart: снимок сотрудника испорченный снимок не роняет всю карточку
✅ /home/runner/work/WesiOS/WesiOS/test/task_assignment_test.dart: снимок сотрудника снимок можно убрать, а не только заменить
✅ /home/runner/work/WesiOS/WesiOS/test/chat_screen_split_test.dart: вопрос показан, нажатие делит, карточка пропадает
✅ /home/runner/work/WesiOS/WesiOS/test/forecast_backtest_test.dart: balanceOn — восстановление баланса назад на сегодня равен текущему балансу
✅ /home/runner/work/WesiOS/WesiOS/test/forecast_backtest_test.dart: balanceOn — восстановление баланса назад вчера меньше на дневное нетто
✅ /home/runner/work/WesiOS/WesiOS/test/forecast_backtest_test.dart: balanceOn — восстановление баланса назад до начала истории — баланс за вычетом всего оборота
✅ /home/runner/work/WesiOS/WesiOS/test/forecast_backtest_test.dart: balanceOn — восстановление баланса назад операции ровно в этот день уже учтены
✅ /home/runner/work/WesiOS/WesiOS/test/forecast_backtest_test.dart: отказ считать, когда считать нечем пустая история
✅ /home/runner/work/WesiOS/WesiOS/test/forecast_backtest_test.dart: отказ считать, когда считать нечем меньше трёх операций
✅ /home/runner/work/WesiOS/WesiOS/test/forecast_backtest_test.dart: отказ считать, когда считать нечем вся история ПОСЛЕ точки отсчёта — проверять нечего
✅ /home/runner/work/WesiOS/WesiOS/test/forecast_backtest_test.dart: отказ считать, когда считать нечем истории до точки отсчёта меньше трёх недель
✅ /home/runner/work/WesiOS/WesiOS/test/forecast_backtest_test.dart: отказ считать, когда считать нечем нулевой горизонт
✅ /home/runner/work/WesiOS/WesiOS/test/forecast_backtest_test.dart: ровный ряд — прогноз обязан попасть проверка состоялась
✅ /home/runner/work/WesiOS/WesiOS/test/forecast_backtest_test.dart: ровный ряд — прогноз обязан попасть точка отсчёта — ровно горизонт назад
✅ /home/runner/work/WesiOS/WesiOS/test/forecast_backtest_test.dart: ровный ряд — прогноз обязан попасть дни идут подряд, начиная со следующего за точкой отсчёта
✅ /home/runner/work/WesiOS/WesiOS/test/forecast_backtest_test.dart: ровный ряд — прогноз обязан попасть на ровных данных коридор накрывает почти всё
✅ /home/runner/work/WesiOS/WesiOS/test/wesi_ai_task_engine_test.dart: catalog is broad enough to cover multiple business areas
✅ /home/runner/work/WesiOS/WesiOS/test/forecast_backtest_test.dart: ровный ряд — прогноз обязан попасть систематического перекоса нет
✅ /home/runner/work/WesiOS/WesiOS/test/forecast_backtest_test.dart: ровный ряд — прогноз обязан попасть ошибка в процентах посчитана и мала
✅ /home/runner/work/WesiOS/WesiOS/test/forecast_backtest_test.dart: ровный ряд — прогноз обязан попасть оценка — «хорошо»
✅ /home/runner/work/WesiOS/WesiOS/test/forecast_backtest_test.dart: арифметика показателей error и inBand считаются от P50 и коридора
✅ /home/runner/work/WesiOS/WesiOS/test/forecast_backtest_test.dart: арифметика показателей факт вне коридора не засчитывается
✅ /home/runner/work/WesiOS/WesiOS/test/forecast_backtest_test.dart: арифметика показателей границы коридора считаются попаданием
✅ /home/runner/work/WesiOS/WesiOS/test/wesi_ai_task_engine_test.dart: long beat gap becomes high priority but keeps low forecast impact
✅ /home/runner/work/WesiOS/WesiOS/test/forecast_backtest_test.dart: оценка по коридору обещанные 80% и выше — хорошо
✅ /home/runner/work/WesiOS/WesiOS/test/forecast_backtest_test.dart: оценка по коридору перебор не порок: накрыть всё — тоже хорошо
✅ /home/runner/work/WesiOS/WesiOS/test/forecast_backtest_test.dart: оценка по коридору заметный недобор — средне
✅ /home/runner/work/WesiOS/WesiOS/test/forecast_backtest_test.dart: оценка по коридору коридор почти ничего не накрыл — плохо
✅ /home/runner/work/WesiOS/WesiOS/test/forecast_backtest_test.dart: оценка по коридору без данных оценки нет
✅ /home/runner/work/WesiOS/WesiOS/test/wesi_ai_task_engine_test.dart: sole beatmaker is not pushed into daily beat production
✅ /home/runner/work/WesiOS/WesiOS/test/wesi_ai_task_engine_test.dart: completed beat can trigger designer preview chain
✅ /home/runner/work/WesiOS/WesiOS/test/wesi_ai_task_engine_test.dart: zero income creates high-impact sales action
✅ /home/runner/work/WesiOS/WesiOS/test/wesi_ai_task_engine_test.dart: least loaded suitable employee is preferred
✅ /home/runner/work/WesiOS/WesiOS/test/wesi_ai_task_engine_test.dart: heavily overdue employee is not selected just to raise activity
✅ /home/runner/work/WesiOS/WesiOS/test/wesi_ai_task_engine_test.dart: open equivalent task suppresses duplicate suggestion
✅ /home/runner/work/WesiOS/WesiOS/test/wesi_ai_task_engine_test.dart: no permission to assign others never proposes another employee
✅ /home/runner/work/WesiOS/WesiOS/test/forecast_backtest_test.dart: движок умеет считать «на дату» asOf сдвигает точку отсчёта прогноза
✅ /home/runner/work/WesiOS/WesiOS/test/forecast_backtest_test.dart: движок умеет считать «на дату» без asOf поведение прежнее
✅ /home/runner/work/WesiOS/WesiOS/test/article_tree_test.dart: copyWith и родительская папка перенос в другую папку работает
✅ /home/runner/work/WesiOS/WesiOS/test/article_tree_test.dart: copyWith и родительская папка перенос В КОРЕНЬ работает
✅ /home/runner/work/WesiOS/WesiOS/test/article_tree_test.dart: copyWith и родительская папка не передали parentId — родитель не меняется
✅ /home/runner/work/WesiOS/WesiOS/test/article_tree_test.dart: copyWith и родительская папка статья из корня остаётся в корне, если поле не трогали
✅ /home/runner/work/WesiOS/WesiOS/test/article_tree_test.dart: copyWith и родительская папка остальные поля переносятся как прежде
✅ /home/runner/work/WesiOS/WesiOS/test/horizon_completion_test.dart: Calibration completion 100% coverage with huge MAPE narrows more than coverage alone
✅ /home/runner/work/WesiOS/WesiOS/test/horizon_completion_test.dart: Calibration completion risk calibration remains monotone even when empirical bins are noisy
✅ /home/runner/work/WesiOS/WesiOS/test/horizon_completion_test.dart: Calibration completion quantile loss is a first-class tuning objective
✅ /home/runner/work/WesiOS/WesiOS/test/horizon_completion_test.dart: Behavior and explainability completion persistent incoming downshift is detected as a structural warning
✅ /home/runner/work/WesiOS/WesiOS/test/horizon_completion_test.dart: Behavior and explainability completion material P50 kink receives additive event attribution
✅ /home/runner/work/WesiOS/WesiOS/test/horizon_completion_test.dart: Liquidity completion late reserve cannot rescue an account before its local shortfall
✅ /home/runner/work/WesiOS/WesiOS/test/horizon_completion_test.dart: Liquidity completion timely reserve is counted as nettable liquidity
✅ /home/runner/work/WesiOS/WesiOS/test/horizon_completion_test.dart: Learning and competition completion engine championship explicitly includes the 180-day horizon
✅ /home/runner/work/WesiOS/WesiOS/test/horizon_completion_test.dart: Learning and competition completion issued prediction record roundtrips exact probabilistic statement
✅ /home/runner/work/WesiOS/WesiOS/test/horizon_completion_test.dart: Learning and competition completion contract outcome roundtrip preserves renewal evidence
✅ /home/runner/work/WesiOS/WesiOS/test/horizon_completion_test.dart: Learning and competition completion production wiring contains issued-forecast, contract and attribution loops
✅ /home/runner/work/WesiOS/WesiOS/test/sysadmin_defaults_test.dart: инфраструктура Wesi по умолчанию новая установка знает российский сервер и портал
✅ /home/runner/work/WesiOS/WesiOS/test/sysadmin_defaults_test.dart: инфраструктура Wesi по умолчанию зарубежный Wesi AI не смешан с российским сервером
✅ /home/runner/work/WesiOS/WesiOS/test/sysadmin_defaults_test.dart: инфраструктура Wesi по умолчанию в предустановленных узлах нет секретов
✅ /home/runner/work/WesiOS/WesiOS/test/notifications_test.dart: показ новое событие показывается
✅ /home/runner/work/WesiOS/WesiOS/test/notifications_test.dart: показ то же событие второй раз не показывается
✅ /home/runner/work/WesiOS/WesiOS/test/notifications_test.dart: показ разные события показываются оба
✅ /home/runner/work/WesiOS/WesiOS/test/notifications_test.dart: первый запуск молчит помеченное как виденное не показывается
✅ /home/runner/work/WesiOS/WesiOS/test/notifications_test.dart: первый запуск молчит появившееся после — показывается
✅ /home/runner/work/WesiOS/WesiOS/test/notifications_test.dart: настройки выключенные уведомления ничего не показывают
✅ /home/runner/work/WesiOS/WesiOS/test/notifications_test.dart: настройки выключенный вид не показывается, остальные — да
✅ /home/runner/work/WesiOS/WesiOS/test/notifications_test.dart: настройки пропущенное при выключенных не приходит пачкой после включения
✅ /home/runner/work/WesiOS/WesiOS/test/notifications_test.dart: настройки переключение поднимает отметку — экран настроек перечитывает
✅ /home/runner/work/WesiOS/WesiOS/test/notifications_test.dart: устойчивость отказ платформы не роняет вызов
✅ /home/runner/work/WesiOS/WesiOS/test/notifications_test.dart: устойчивость без платформы уведомления просто не показываются
✅ /home/runner/work/WesiOS/WesiOS/test/home_mobile_layout_test.dart: главная на телефоне не превращается в пустой экран
✅ /home/runner/work/WesiOS/WesiOS/test/builtin_articles_delta_test.dart: русские встроенные статьи их вообще много и они не пустые
✅ /home/runner/work/WesiOS/WesiOS/test/builtin_articles_delta_test.dart: русские встроенные статьи тело каждой статьи — валидный JSON-массив операций
✅ /home/runner/work/WesiOS/WesiOS/test/builtin_articles_delta_test.dart: русские встроенные статьи в каждой операции есть insert
✅ /home/runner/work/WesiOS/WesiOS/test/builtin_articles_delta_test.dart: русские встроенные статьи атрибуты блока стоят на переводе строки, а не на тексте
✅ /home/runner/work/WesiOS/WesiOS/test/builtin_articles_delta_test.dart: русские встроенные статьи текст статьи читается, а не выглядит как JSON
✅ /home/runner/work/WesiOS/WesiOS/test/builtin_articles_delta_test.dart: русские встроенные статьи версия в статье «Что такое WesiOS» не захардкожена в прошлое
✅ /home/runner/work/WesiOS/WesiOS/test/builtin_articles_delta_test.dart: русские встроенные статьи в каждом разделе есть хоть одна статья
✅ /home/runner/work/WesiOS/WesiOS/test/builtin_articles_delta_test.dart: русские встроенные статьи порядок внутри папки задан и не повторяется
✅ /home/runner/work/WesiOS/WesiOS/test/builtin_articles_delta_test.dart: русские встроенные статьи нет внутренностей программы в тексте
✅ /home/runner/work/WesiOS/WesiOS/test/builtin_articles_delta_test.dart: русские встроенные статьи у каждой статьи есть заголовок
✅ /home/runner/work/WesiOS/WesiOS/test/builtin_articles_delta_test.dart: русские встроенные статьи parentId ссылается на существующую статью
✅ /home/runner/work/WesiOS/WesiOS/test/builtin_articles_delta_test.dart: русские встроенные статьи в дереве нет петель
✅ /home/runner/work/WesiOS/WesiOS/test/builtin_articles_delta_test.dart: английские встроенные статьи их вообще много и они не пустые
✅ /home/runner/work/WesiOS/WesiOS/test/builtin_articles_delta_test.dart: английские встроенные статьи тело каждой статьи — валидный JSON-массив операций
✅ /home/runner/work/WesiOS/WesiOS/test/builtin_articles_delta_test.dart: английские встроенные статьи в каждой операции есть insert
✅ /home/runner/work/WesiOS/WesiOS/test/builtin_articles_delta_test.dart: английские встроенные статьи атрибуты блока стоят на переводе строки, а не на тексте
✅ /home/runner/work/WesiOS/WesiOS/test/builtin_articles_delta_test.dart: английские встроенные статьи текст статьи читается, а не выглядит как JSON
✅ /home/runner/work/WesiOS/WesiOS/test/builtin_articles_delta_test.dart: английские встроенные статьи версия в статье «Что такое WesiOS» не захардкожена в прошлое
✅ /home/runner/work/WesiOS/WesiOS/test/builtin_articles_delta_test.dart: английские встроенные статьи в каждом разделе есть хоть одна статья
✅ /home/runner/work/WesiOS/WesiOS/test/builtin_articles_delta_test.dart: английские встроенные статьи порядок внутри папки задан и не повторяется
✅ /home/runner/work/WesiOS/WesiOS/test/builtin_articles_delta_test.dart: английские встроенные статьи нет внутренностей программы в тексте
✅ /home/runner/work/WesiOS/WesiOS/test/builtin_articles_delta_test.dart: английские встроенные статьи у каждой статьи есть заголовок
✅ /home/runner/work/WesiOS/WesiOS/test/builtin_articles_delta_test.dart: английские встроенные статьи parentId ссылается на существующую статью
✅ /home/runner/work/WesiOS/WesiOS/test/builtin_articles_delta_test.dart: английские встроенные статьи в дереве нет петель
✅ /home/runner/work/WesiOS/WesiOS/test/builtin_articles_delta_test.dart: оба языка состав деревьев совпадает
✅ /home/runner/work/WesiOS/WesiOS/test/builtin_articles_delta_test.dart: оба языка перевод есть у каждого заголовка
✅ /home/runner/work/WesiOS/WesiOS/test/builtin_articles_delta_test.dart: оба языка тексты статей тоже разные
::group::✅ /home/runner/work/WesiOS/WesiOS/test/topic_quality_test.dart: качество разбиения на сложных диалогах измерено
Разбиение на темы: 6 из 8
Не справляется: одна тема после ночного перерыва; одна тема при смене словаря
::endgroup::
✅ /home/runner/work/WesiOS/WesiOS/test/topic_quality_test.dart: контрольные случаи обязаны проходить всегда
✅ /home/runner/work/WesiOS/WesiOS/test/organization_hierarchy_test.dart: baseline contains exactly one real root and Wesi Beats child
✅ /home/runner/work/WesiOS/WesiOS/test/organization_hierarchy_test.dart: supports arbitrary depth and subtree traversal
✅ /home/runner/work/WesiOS/WesiOS/test/organization_hierarchy_test.dart: cycle creation is rejected and root cannot be archived
✅ /home/runner/work/WesiOS/WesiOS/test/organization_hierarchy_test.dart: parent with active child cannot be archived
✅ /home/runner/work/WesiOS/WesiOS/test/portal_account_service_test.dart: PortalAccountService.messageForResponse translates generic PocketBase failure
✅ /home/runner/work/WesiOS/WesiOS/test/portal_account_service_test.dart: PortalAccountService.messageForResponse explains missing production hook
✅ /home/runner/work/WesiOS/WesiOS/test/portal_account_service_test.dart: PortalAccountService.messageForResponse keeps useful Russian server message
✅ /home/runner/work/WesiOS/WesiOS/test/portal_account_service_test.dart: PortalAccountService.messageForResponse reads field validation message
✅ /home/runner/work/WesiOS/WesiOS/test/portal_account_service_test.dart: PortalAccountService.messageForResponse does not expose PocketBase authorization internals
✅ /home/runner/work/WesiOS/WesiOS/test/update_paths_test.dart: как НЕ надо (фиксируем поведение Dart) \w не escape — разделитель исчезает
✅ /home/runner/work/WesiOS/WesiOS/test/update_paths_test.dart: как НЕ надо (фиксируем поведение Dart) \$ — экранированный доллар, имя файла не подставляется
✅ /home/runner/work/WesiOS/WesiOS/test/update_paths_test.dart: как надо разделитель на месте
✅ /home/runner/work/WesiOS/WesiOS/test/update_paths_test.dart: как надо имя файла ошибки подставляется значением
✅ /home/runner/work/WesiOS/WesiOS/test/update_paths_test.dart: как надо скрипт и приложение смотрят на ОДИН файл ошибки
✅ /home/runner/work/WesiOS/WesiOS/test/update_paths_test.dart: как надо все три служебных пути лежат внутри Temp, а не рядом с ним
✅ /home/runner/work/WesiOS/WesiOS/test/horizon_income_delay_truth_test.dart: business incoming cash is shifted, not deleted, by delay stress
✅ /home/runner/work/WesiOS/WesiOS/test/horizon_income_delay_truth_test.dart: statistical incoming delay uses an explicit queue
✅ /home/runner/work/WesiOS/WesiOS/test/privacy_mode_test.dart: в обычном режиме сумма видна
✅ /home/runner/work/WesiOS/WesiOS/test/privacy_mode_test.dart: в режиме приватности цифры не просачиваются ни в одну из форм
✅ /home/runner/work/WesiOS/WesiOS/test/privacy_mode_test.dart: значок валюты остаётся: скрыта сумма, а не то, в чём она
✅ /home/runner/work/WesiOS/WesiOS/test/privacy_mode_test.dart: знак минуса не выдаёт убыток
✅ /home/runner/work/WesiOS/WesiOS/test/privacy_mode_test.dart: данные не трогаются: display возвращает настоящее число
✅ /home/runner/work/WesiOS/WesiOS/test/privacy_mode_test.dart: настройка переживает перезапуск
✅ /home/runner/work/WesiOS/WesiOS/test/github_auth_test.dart: client_id без правки в настройках берётся зашитый
✅ /home/runner/work/WesiOS/WesiOS/test/github_auth_test.dart: client_id зашитое значение похоже на настоящий id GitHub
✅ /home/runner/work/WesiOS/WesiOS/test/github_auth_test.dart: client_id значение из настроек перекрывает зашитое
✅ /home/runner/work/WesiOS/WesiOS/test/github_auth_test.dart: client_id пробелы по краям обрезаются — вставка из буфера часто тащит их
✅ /home/runner/work/WesiOS/WesiOS/test/github_auth_test.dart: client_id пустое значение возвращает к зашитому, а не отключает вход
✅ /home/runner/work/WesiOS/WesiOS/test/github_auth_test.dart: состояние входа без токена вход не выполнен и заголовков нет
✅ /home/runner/work/WesiOS/WesiOS/test/github_auth_test.dart: состояние входа с токеном появляется заголовок авторизации
✅ /home/runner/work/WesiOS/WesiOS/test/github_auth_test.dart: состояние входа пустой токен не считается входом
✅ /home/runner/work/WesiOS/WesiOS/test/github_auth_test.dart: состояние входа выход стирает токен, refresh, срок и имя аккаунта
✅ /home/runner/work/WesiOS/WesiOS/test/github_auth_test.dart: состояние входа client_id переживает выход — это не секрет и не часть сессии
✅ /home/runner/work/WesiOS/WesiOS/test/github_auth_test.dart: срок действия без срока токен считается бессрочным — так у OAuth-приложений
✅ /home/runner/work/WesiOS/WesiOS/test/github_auth_test.dart: срок действия живой токен отдаётся как есть
✅ /home/runner/work/WesiOS/WesiOS/test/github_auth_test.dart: срок действия просроченный токен без refresh не выдаётся
✅ /home/runner/work/WesiOS/WesiOS/test/github_auth_test.dart: срок действия токен, который истечёт через полминуты, уже считается негодным
✅ /home/runner/work/WesiOS/WesiOS/test/github_auth_test.dart: срок действия битая дата срока не роняет проверку
✅ /home/runner/work/WesiOS/WesiOS/test/wesi_ai_adaptive_learning_test.dart: learns recurring organization cadence without becoming too aggressive
✅ /home/runner/work/WesiOS/WesiOS/test/wesi_ai_adaptive_learning_test.dart: repeated rejection suppresses routine suggestion noise
✅ /home/runner/work/WesiOS/WesiOS/test/wesi_ai_adaptive_learning_test.dart: accepted priority correction influences future proposals
✅ /home/runner/work/WesiOS/WesiOS/test/wesi_ai_adaptive_learning_test.dart: historical work can qualify an employee even with a generic title
✅ /home/runner/work/WesiOS/WesiOS/test/wesi_ai_adaptive_learning_test.dart: accepted assignee preference breaks an otherwise equal tie
✅ /home/runner/work/WesiOS/WesiOS/test/wesi_ai_adaptive_learning_test.dart: fatigue signal protects a heavily loaded producer from heavy new work
✅ /home/runner/work/WesiOS/WesiOS/test/wesi_ai_adaptive_learning_test.dart: underutilized employee is preferred over a busier equal-role colleague
✅ /home/runner/work/WesiOS/WesiOS/test/wesi_ai_strategy_planner_test.dart: detects downstream bottleneck after production output
✅ /home/runner/work/WesiOS/WesiOS/test/wesi_ai_strategy_planner_test.dart: bottleneck task receives stronger strategic score
✅ /home/runner/work/WesiOS/WesiOS/test/wesi_ai_strategy_planner_test.dart: financial pressure favors sales over more production when stock exists
✅ /home/runner/work/WesiOS/WesiOS/test/wesi_ai_strategy_planner_test.dart: existing category backlog suppresses adding more work to same queue
✅ /home/runner/work/WesiOS/WesiOS/test/wesi_ai_strategy_planner_test.dart: recent repeated work reduces burst recommendations
✅ /home/runner/work/WesiOS/WesiOS/test/horizon_account_recurring_risk_test.dart: account liquidity projects recurring expense on its actual account
✅ /home/runner/work/WesiOS/WesiOS/test/horizon_account_recurring_risk_test.dart: uncertain business income multiplier is applied to CRM/Vault events
✅ /home/runner/work/WesiOS/WesiOS/test/organization_sync_integrity_test.dart: legacy account and transaction sync records become physical Wesi Inc records
✅ /home/runner/work/WesiOS/WesiOS/test/organization_sync_integrity_test.dart: task sync recovers stable ownership from compatibility tags
✅ /home/runner/work/WesiOS/WesiOS/test/organization_tz_contract_test.dart: organization hierarchy v1 TZ keeps all core invariants
✅ /home/runner/work/WesiOS/WesiOS/test/horizon_product_integration_test.dart: Wesi Horizon product integration Task cash tag round-trips committed expense
✅ /home/runner/work/WesiOS/WesiOS/test/horizon_product_integration_test.dart: Wesi Horizon product integration Task cash tag round-trips uncertain income and preserves human tags
✅ /home/runner/work/WesiOS/WesiOS/test/horizon_product_integration_test.dart: Wesi Horizon product integration stress library has finite income shock and isolated main-source loss
✅ /home/runner/work/WesiOS/WesiOS/test/horizon_product_integration_test.dart: Wesi Horizon product integration Forecast exposes decision layer and backtest-selected Combined
✅ /home/runner/work/WesiOS/WesiOS/test/horizon_product_integration_test.dart: Wesi Horizon product integration company cash sources are wired without schema migrations
✅ /home/runner/work/WesiOS/WesiOS/test/team_skills_workload_test.dart: explicit skill can qualify employee for a matching task
✅ /home/runner/work/WesiOS/WesiOS/test/team_skills_workload_test.dart: unrelated skills do not create false role fit
✅ /home/runner/work/WesiOS/WesiOS/test/team_skills_workload_test.dart: workload becomes overloaded above personal capacity
✅ /home/runner/work/WesiOS/WesiOS/test/team_skills_workload_test.dart: low task pressure is marked as underload
✅ /home/runner/work/WesiOS/WesiOS/test/team_skills_workload_test.dart: manager and CEO routing follows employee settings
✅ /home/runner/work/WesiOS/WesiOS/test/multi_engine_forecast_test.dart: combineForecastResults averages elementwise across all available engines
✅ /home/runner/work/WesiOS/WesiOS/test/multi_engine_forecast_test.dart: combineForecastResults skips unavailable (null) engines instead of treating them as zero
✅ /home/runner/work/WesiOS/WesiOS/test/multi_engine_forecast_test.dart: combineForecastResults returns null when no engine produced a result
✅ /home/runner/work/WesiOS/WesiOS/test/multi_engine_forecast_test.dart: combineForecastResults returns null on mismatched series lengths rather than crashing
✅ /home/runner/work/WesiOS/WesiOS/test/multi_engine_forecast_test.dart: RiskEstimate.derive flags runwayDays on the first day the median goes negative
✅ /home/runner/work/WesiOS/WesiOS/test/multi_engine_forecast_test.dart: RiskEstimate.derive null runwayDays when the median never goes negative
✅ /home/runner/work/WesiOS/WesiOS/test/multi_engine_forecast_test.dart: RiskEstimate.derive zero spread (p10==p50==p90) still yields a crisp 0/1 probability, no NaN or divide-by-zero
✅ /home/runner/work/WesiOS/WesiOS/test/multi_engine_forecast_test.dart: RiskEstimate.derive belowZeroProbability is higher when P50 sits closer to zero relative to the same spread
✅ /home/runner/work/WesiOS/WesiOS/test/topic_chunker_test.dart: приведение к основе падежи одного слова дают одну основу
✅ /home/runner/work/WesiOS/WesiOS/test/topic_chunker_test.dart: приведение к основе служебные слова выбрасываются
✅ /home/runner/work/WesiOS/WesiOS/test/topic_chunker_test.dart: приведение к основе числа темы не описывают
✅ /home/runner/work/WesiOS/WesiOS/test/topic_chunker_test.dart: приведение к основе короткие слова не калечатся
✅ /home/runner/work/WesiOS/WesiOS/test/topic_chunker_test.dart: приведение к основе ё и е — одна буква
✅ /home/runner/work/WesiOS/WesiOS/test/topic_chunker_test.dart: границы тем долгая пауза режет сама, без вопроса
✅ /home/runner/work/WesiOS/WesiOS/test/topic_chunker_test.dart: границы тем ответ на вопрос темой не считается
✅ /home/runner/work/WesiOS/WesiOS/test/topic_chunker_test.dart: границы тем слово-переключатель поднимает уверенность
✅ /home/runner/work/WesiOS/WesiOS/test/topic_chunker_test.dart: границы тем в сомнительном случае спрашивают, а не режут молча
✅ /home/runner/work/WesiOS/WesiOS/test/topic_chunker_test.dart: границы тем ровный разговор на одну тему не режется
✅ /home/runner/work/WesiOS/WesiOS/test/topic_chunker_test.dart: границы тем очень короткая переписка не режется вовсе
✅ /home/runner/work/WesiOS/WesiOS/test/topic_chunker_test.dart: границы тем пустая переписка не роняет разбор
✅ /home/runner/work/WesiOS/WesiOS/test/topic_chunker_test.dart: границы тем темы из одного сообщения не выделяются
✅ /home/runner/work/WesiOS/WesiOS/test/topic_chunker_test.dart: название темы берётся из характерных слов, а не из частых
✅ /home/runner/work/WesiOS/WesiOS/test/topic_chunker_test.dart: название темы в названии настоящие слова, а не обрубки основ
✅ /home/runner/work/WesiOS/WesiOS/test/topic_chunker_test.dart: название темы переписка без значимых слов честно называется «без темы»
✅ /home/runner/work/WesiOS/WesiOS/test/topic_chunker_test.dart: название темы название не меняется от запуска к запуску
✅ /home/runner/work/WesiOS/WesiOS/test/sync_engine_test.dart: журнал отметка кодируется и читается обратно без потерь
✅ /home/runner/work/WesiOS/WesiOS/test/sync_engine_test.dart: журнал мусор вместо отметки не разбирается, а не притворяется нулём
✅ /home/runner/work/WesiOS/WesiOS/test/sync_engine_test.dart: журнал правка в боксе сама попадает в журнал
✅ /home/runner/work/WesiOS/WesiOS/test/sync_engine_test.dart: журнал удаление оставляет надгробие, а не пустоту
✅ /home/runner/work/WesiOS/WesiOS/test/sync_engine_test.dart: журнал старые надгробия выбрасываются, живые отметки — нет
✅ /home/runner/work/WesiOS/WesiOS/test/sync_engine_test.dart: журнал засев отмечает только записи без отметки
✅ /home/runner/work/WesiOS/WesiOS/test/sync_engine_test.dart: кодек операция переживает круг через поля
✅ /home/runner/work/WesiOS/WesiOS/test/sync_engine_test.dart: кодек задача переживает круг вместе с чек-листом
✅ /home/runner/work/WesiOS/WesiOS/test/sync_engine_test.dart: кодек человек переживает круг вместе с правами и хешем пароля
✅ /home/runner/work/WesiOS/WesiOS/test/sync_engine_test.dart: кодек запись без обязательных полей не разбирается
✅ /home/runner/work/WesiOS/WesiOS/test/sync_engine_test.dart: кодек незнакомое значение перечисления не роняет разбор
✅ /home/runner/work/WesiOS/WesiOS/test/sync_engine_test.dart: кодек встроенные статьи в обмен не идут
✅ /home/runner/work/WesiOS/WesiOS/test/sync_engine_test.dart: кодек имена коллекций уникальны и счета идут раньше операций
✅ /home/runner/work/WesiOS/WesiOS/test/sync_engine_test.dart: движок без входа честно говорит об этом
✅ /home/runner/work/WesiOS/WesiOS/test/sync_engine_test.dart: движок без входа не пытается ничего отправить
✅ /home/runner/work/WesiOS/WesiOS/test/sync_engine_test.dart: движок местная запись уезжает на сервер
✅ /home/runner/work/WesiOS/WesiOS/test/shield_overlay_test.dart: в разблокированном состоянии замка нет и он ничему не мешает
✅ /home/runner/work/WesiOS/WesiOS/test/sync_engine_test.dart: движок чужая запись приезжает и попадает в бокс
✅ /home/runner/work/WesiOS/WesiOS/test/sync_engine_test.dart: движок применённая чужая запись не уезжает обратно на следующем проходе
✅ /home/runner/work/WesiOS/WesiOS/test/sync_engine_test.dart: движок более свежая местная правка побеждает серверную
✅ /home/runner/work/WesiOS/WesiOS/test/sync_engine_test.dart: движок более свежая серверная правка побеждает местную
✅ /home/runner/work/WesiOS/WesiOS/test/sync_engine_test.dart: движок удаление на другом устройстве стирает запись здесь
✅ /home/runner/work/WesiOS/WesiOS/test/sync_engine_test.dart: движок удаление здесь уезжает надгробием, а не исчезновением
✅ /home/runner/work/WesiOS/WesiOS/test/sync_engine_test.dart: движок обрыв связи не портит местные данные
✅ /home/runner/work/WesiOS/WesiOS/test/sync_engine_test.dart: движок отказ одной коллекции не выдаётся за общий успех
::group::✅ /home/runner/work/WesiOS/WesiOS/test/sync_engine_test.dart: движок протухший пропуск выбрасывается, а не остаётся выглядеть рабочим
WesiOS secure session write failed: Binding has not yet been initialized.
The "instance" getter on the ServicesBinding binding mixin is only available once that binding has been initialized.
Typically, this is done by calling "WidgetsFlutterBinding.ensureInitialized()" or "runApp()" (the latter calls the former). Typically this call is done in the "void main()" method. The "ensureInitialized" method is idempotent; calling it multiple times is not harmful. After calling that method, the "instance" getter will return the binding.
In a test, one can call "TestWidgetsFlutterBinding.ensureInitialized()" as the first line in the test's "main()" method to initialize the binding.
If ServicesBinding is a custom binding mixin, there must also be a custom binding class, like WidgetsFlutterBinding, but that mixes in the selected binding, and that is the class that must be constructed before using the "instance" getter.
WesiOS secure session delete failed: Binding has not yet been initialized.
The "instance" getter on the ServicesBinding binding mixin is only available once that binding has been initialized.
Typically, this is done by calling "WidgetsFlutterBinding.ensureInitialized()" or "runApp()" (the latter calls the former). Typically this call is done in the "void main()" method. The "ensureInitialized" method is idempotent; calling it multiple times is not harmful. After calling that method, the "instance" getter will return the binding.
In a test, one can call "TestWidgetsFlutterBinding.ensureInitialized()" as the first line in the test's "main()" method to initialize the binding.
If ServicesBinding is a custom binding mixin, there must also be a custom binding class, like WidgetsFlutterBinding, but that mixes in the selected binding, and that is the class that must be constructed before using the "instance" getter.
::endgroup::
✅ /home/runner/work/WesiOS/WesiOS/test/sync_engine_test.dart: движок автоматический проход не идёт, пока его не включили
✅ /home/runner/work/WesiOS/WesiOS/test/sync_engine_test.dart: движок свежая установка не затирает сервер своими заготовками
✅ /home/runner/work/WesiOS/WesiOS/test/sync_engine_test.dart: движок в первый обмен уезжает то, чего на сервере нет
✅ /home/runner/work/WesiOS/WesiOS/test/sync_engine_test.dart: движок правило первого обмена действует ровно один раз
✅ /home/runner/work/WesiOS/WesiOS/test/sync_engine_test.dart: движок удачный проход отмечается временем
✅ /home/runner/work/WesiOS/WesiOS/test/sync_engine_test.dart: движок два устройства сходятся к одному состоянию
✅ /home/runner/work/WesiOS/WesiOS/test/sync_engine_test.dart: движок запись из будущей версии не помечается как усвоенная
✅ /home/runner/work/WesiOS/WesiOS/test/sync_engine_test.dart: адрес сервера зашит в сборку и всегда по https
✅ /home/runner/work/WesiOS/WesiOS/test/sync_engine_test.dart: адрес сервера сохранённый адрес из старой установки ничего не решает
::group::✅ /home/runner/work/WesiOS/WesiOS/test/sync_engine_test.dart: подключение без пропуска — не подключены
WesiOS secure session delete failed: Binding has not yet been initialized.
The "instance" getter on the ServicesBinding binding mixin is only available once that binding has been initialized.
Typically, this is done by calling "WidgetsFlutterBinding.ensureInitialized()" or "runApp()" (the latter calls the former). Typically this call is done in the "void main()" method. The "ensureInitialized" method is idempotent; calling it multiple times is not harmful. After calling that method, the "instance" getter will return the binding.
In a test, one can call "TestWidgetsFlutterBinding.ensureInitialized()" as the first line in the test's "main()" method to initialize the binding.
If ServicesBinding is a custom binding mixin, there must also be a custom binding class, like WidgetsFlutterBinding, but that mixes in the selected binding, and that is the class that must be constructed before using the "instance" getter.
::endgroup::
::group::✅ /home/runner/work/WesiOS/WesiOS/test/sync_engine_test.dart: подключение действующий пропуск — подключены
WesiOS secure session write failed: Binding has not yet been initialized.
The "instance" getter on the ServicesBinding binding mixin is only available once that binding has been initialized.
Typically, this is done by calling "WidgetsFlutterBinding.ensureInitialized()" or "runApp()" (the latter calls the former). Typically this call is done in the "void main()" method. The "ensureInitialized" method is idempotent; calling it multiple times is not harmful. After calling that method, the "instance" getter will return the binding.
In a test, one can call "TestWidgetsFlutterBinding.ensureInitialized()" as the first line in the test's "main()" method to initialize the binding.
If ServicesBinding is a custom binding mixin, there must also be a custom binding class, like WidgetsFlutterBinding, but that mixes in the selected binding, and that is the class that must be constructed before using the "instance" getter.
WesiOS secure session delete failed: Binding has not yet been initialized.
The "instance" getter on the ServicesBinding binding mixin is only available once that binding has been initialized.
Typically, this is done by calling "WidgetsFlutterBinding.ensureInitialized()" or "runApp()" (the latter calls the former). Typically this call is done in the "void main()" method. The "ensureInitialized" method is idempotent; calling it multiple times is not harmful. After calling that method, the "instance" getter will return the binding.
In a test, one can call "TestWidgetsFlutterBinding.ensureInitialized()" as the first line in the test's "main()" method to initialize the binding.
If ServicesBinding is a custom binding mixin, there must also be a custom binding class, like WidgetsFlutterBinding, but that mixes in the selected binding, and that is the class that must be constructed before using the "instance" getter.
::endgroup::
::group::✅ /home/runner/work/WesiOS/WesiOS/test/sync_engine_test.dart: подключение протухший пропуск не считается подключением
WesiOS secure session write failed: Binding has not yet been initialized.
The "instance" getter on the ServicesBinding binding mixin is only available once that binding has been initialized.
Typically, this is done by calling "WidgetsFlutterBinding.ensureInitialized()" or "runApp()" (the latter calls the former). Typically this call is done in the "void main()" method. The "ensureInitialized" method is idempotent; calling it multiple times is not harmful. After calling that method, the "instance" getter will return the binding.
In a test, one can call "TestWidgetsFlutterBinding.ensureInitialized()" as the first line in the test's "main()" method to initialize the binding.
If ServicesBinding is a custom binding mixin, there must also be a custom binding class, like WidgetsFlutterBinding, but that mixes in the selected binding, and that is the class that must be constructed before using the "instance" getter.
WesiOS secure session delete failed: Binding has not yet been initialized.
The "instance" getter on the ServicesBinding binding mixin is only available once that binding has been initialized.
Typically, this is done by calling "WidgetsFlutterBinding.ensureInitialized()" or "runApp()" (the latter calls the former). Typically this call is done in the "void main()" method. The "ensureInitialized" method is idempotent; calling it multiple times is not harmful. After calling that method, the "instance" getter will return the binding.
In a test, one can call "TestWidgetsFlutterBinding.ensureInitialized()" as the first line in the test's "main()" method to initialize the binding.
If ServicesBinding is a custom binding mixin, there must also be a custom binding class, like WidgetsFlutterBinding, but that mixes in the selected binding, and that is the class that must be constructed before using the "instance" getter.
::endgroup::
✅ /home/runner/work/WesiOS/WesiOS/test/shield_overlay_test.dart: заблокированный замок перекрывает содержимое приложения
✅ /home/runner/work/WesiOS/WesiOS/test/shield_overlay_test.dart: кнопки окна остаются нажимаемыми поверх замка
✅ /home/runner/work/WesiOS/WesiOS/test/team_service_test.dart: база логинов сначала свободны все слова словаря
✅ /home/runner/work/WesiOS/WesiOS/test/team_service_test.dart: база логинов занятый логин исчезает из свободных
✅ /home/runner/work/WesiOS/WesiOS/test/team_service_test.dart: база логинов дважды занять один логин нельзя
✅ /home/runner/work/WesiOS/WesiOS/test/team_service_test.dart: база логинов регистр не создаёт второй логин
✅ /home/runner/work/WesiOS/WesiOS/test/team_service_test.dart: база логинов освобождение возвращает логин в свободные
✅ /home/runner/work/WesiOS/WesiOS/test/team_service_test.dart: база логинов предложенный логин ещё не занят
✅ /home/runner/work/WesiOS/WesiOS/test/otp_login_regression_test.dart: OTP verify cannot be submitted twice while a request is in flight
✅ /home/runner/work/WesiOS/WesiOS/test/team_service_test.dart: база логинов сверка приводит список занятых к реальному составу
✅ /home/runner/work/WesiOS/WesiOS/test/otp_login_regression_test.dart: dead OTP challenge returns to a fresh sign-in flow
✅ /home/runner/work/WesiOS/WesiOS/test/otp_login_regression_test.dart: new start-v2 OTP invalidates older pending OTPs
✅ /home/runner/work/WesiOS/WesiOS/test/otp_login_regression_test.dart: legacy security login reads employeeId and dead challenges are explicit
✅ /home/runner/work/WesiOS/WesiOS/test/team_service_test.dart: создание сотрудника логин занимается, пароль возвращается один раз
✅ /home/runner/work/WesiOS/WesiOS/test/team_service_test.dart: создание сотрудника электронная почта обязательна
✅ /home/runner/work/WesiOS/WesiOS/test/team_service_test.dart: создание сотрудника невалидная почта не принимается
✅ /home/runner/work/WesiOS/WesiOS/test/team_service_test.dart: создание сотрудника одну почту нельзя выдать двум сотрудникам
✅ /home/runner/work/WesiOS/WesiOS/test/analytics_test.dart: Kpi reports the change relative to the previous period
✅ /home/runner/work/WesiOS/WesiOS/test/analytics_test.dart: Kpi returns null instead of infinity when the previous period was zero — "+∞ %" is not a number a human can act on
✅ /home/runner/work/WesiOS/WesiOS/test/analytics_test.dart: Kpi a drop against a negative baseline still compares by magnitude
✅ /home/runner/work/WesiOS/WesiOS/test/analytics_test.dart: AnalyticsService.compute — periods splits the window into current and previous of the same length, so the comparison is like-for-like
✅ /home/runner/work/WesiOS/WesiOS/test/analytics_test.dart: AnalyticsService.compute — periods operations are counted, not summed
✅ /home/runner/work/WesiOS/WesiOS/test/analytics_test.dart: AnalyticsService.compute — runway is null when income covers the spending — otherwise the app would invent a day on which money "runs out" while it is actually growing
✅ /home/runner/work/WesiOS/WesiOS/test/analytics_test.dart: AnalyticsService.compute — runway counts the days left when spending outpaces income
✅ /home/runner/work/WesiOS/WesiOS/test/analytics_test.dart: AnalyticsService.compute — breakdowns top categories are sorted by amount and capped at five
✅ /home/runner/work/WesiOS/WesiOS/test/analytics_test.dart: AnalyticsService.compute — breakdowns average income ticket divides by the number of income operations, not by all operations
✅ /home/runner/work/WesiOS/WesiOS/test/analytics_test.dart: AnalyticsService.compute — breakdowns months come back in chronological order
✅ /home/runner/work/WesiOS/WesiOS/test/analytics_test.dart: AnalyticsService.compute — tasks counts finished, overdue and total separately
✅ /home/runner/work/WesiOS/WesiOS/test/analytics_test.dart: AnalyticsService.compute — tasks completion is zero, not NaN, when there are no tasks at all
✅ /home/runner/work/WesiOS/WesiOS/test/team_service_test.dart: создание сотрудника пароль в базе не хранится — только хеш
✅ /home/runner/work/WesiOS/WesiOS/test/credentials_generator_test.dart: pick не выдаёт логин из числа занятых
✅ /home/runner/work/WesiOS/WesiOS/test/credentials_generator_test.dart: pick когда все слова заняты — подбирает слово с числом
✅ /home/runner/work/WesiOS/WesiOS/test/team_service_test.dart: создание сотрудника у двух сотрудников разные логины
✅ /home/runner/work/WesiOS/WesiOS/test/credentials_generator_test.dart: pick null, только если и слова, и числа исчерпаны
✅ /home/runner/work/WesiOS/WesiOS/test/credentials_generator_test.dart: password состоит только из знаков разрешённого алфавита
✅ /home/runner/work/WesiOS/WesiOS/test/credentials_generator_test.dart: password уважает переданную длину
✅ /home/runner/work/WesiOS/WesiOS/test/credentials_generator_test.dart: password не даёт длину короче 8 символов
✅ /home/runner/work/WesiOS/WesiOS/test/credentials_generator_test.dart: password два подряд вызова не совпадают
✅ /home/runner/work/WesiOS/WesiOS/test/credentials_generator_test.dart: normalize регистр не имеет значения
✅ /home/runner/work/WesiOS/WesiOS/test/credentials_generator_test.dart: normalize обрезает края и схлопывает пробелы
✅ /home/runner/work/WesiOS/WesiOS/test/credentials_generator_test.dart: isValid принимает нейтральные логины из словаря
✅ /home/runner/work/WesiOS/WesiOS/test/credentials_generator_test.dart: isValid принимает логин с точкой, дефисом и подчёркиванием внутри
✅ /home/runner/work/WesiOS/WesiOS/test/credentials_generator_test.dart: isValid отвергает слишком короткую и слишком длинную строку
✅ /home/runner/work/WesiOS/WesiOS/test/credentials_generator_test.dart: isValid отвергает начало/конец на разделителе
✅ /home/runner/work/WesiOS/WesiOS/test/credentials_generator_test.dart: isValid отвергает недопустимые символы
✅ /home/runner/work/WesiOS/WesiOS/test/credentials_generator_test.dart: isValid пробел внутри схлопывается, а не запрещает логин
✅ /home/runner/work/WesiOS/WesiOS/test/credentials_generator_test.dart: toEmail / fromEmail строит служебный адрес на wesi.local по умолчанию
✅ /home/runner/work/WesiOS/WesiOS/test/credentials_generator_test.dart: toEmail / fromEmail уважает переданный домен
✅ /home/runner/work/WesiOS/WesiOS/test/credentials_generator_test.dart: toEmail / fromEmail round-trip: fromEmail(toEmail(x)) == normalize(x)
✅ /home/runner/work/WesiOS/WesiOS/test/credentials_generator_test.dart: toEmail / fromEmail fromEmail без @ возвращает строку как есть
✅ /home/runner/work/WesiOS/WesiOS/test/team_service_test.dart: создание сотрудника одинаковый пароль даёт разные хеши — соль своя у каждого
✅ /home/runner/work/WesiOS/WesiOS/test/team_service_test.dart: создание сотрудника по умолчанию открыты только задачи
✅ /home/runner/work/WesiOS/WesiOS/test/backup_service_test.dart: openedBox находит бокс, открытый с конкретным типом
✅ /home/runner/work/WesiOS/WesiOS/test/backup_service_test.dart: openedBox на неоткрытый бокс возвращает null, а не падает
✅ /home/runner/work/WesiOS/WesiOS/test/backup_service_test.dart: countLocalRecords считает записи во всех типизированных боксах
✅ /home/runner/work/WesiOS/WesiOS/test/backup_service_test.dart: countLocalRecords на пустых данных — ноль
✅ /home/runner/work/WesiOS/WesiOS/test/backup_service_test.dart: clearLocalData действительно стирает, а не сообщает об этом
✅ /home/runner/work/WesiOS/WesiOS/test/backup_service_test.dart: export в файле лежат данные, а не пустые списки
✅ /home/runner/work/WesiOS/WesiOS/test/backup_service_test.dart: export встроенные статьи не выгружаются — они приезжают с обновлением
✅ /home/runner/work/WesiOS/WesiOS/test/backup_service_test.dart: export ключи и пароль в копию не попадают
✅ /home/runner/work/WesiOS/WesiOS/test/backup_service_test.dart: export счётчики в результате совпадают с содержимым файла
✅ /home/runner/work/WesiOS/WesiOS/test/team_service_test.dart: создание сотрудника новый профиль не содержит случайных/demo показателей
✅ /home/runner/work/WesiOS/WesiOS/test/team_service_test.dart: создание сотрудника когда словарь логинов кончился — используется уникальный вариант
✅ /home/runner/work/WesiOS/WesiOS/test/team_service_test.dart: локальный хеш пароля — только совместимость верная пара сверяется локально
✅ /home/runner/work/WesiOS/WesiOS/test/window_controls_overlay_test.dart: tooltips in the app-level overlay find an Overlay ancestor
✅ /home/runner/work/WesiOS/WesiOS/test/team_service_test.dart: локальный хеш пароля — только совместимость неверный пароль не проходит
✅ /home/runner/work/WesiOS/WesiOS/test/team_service_test.dart: локальный хеш пароля — только совместимость несуществующий логин не проходит
✅ /home/runner/work/WesiOS/WesiOS/test/team_service_test.dart: локальный хеш пароля — только совместимость регистр логина не мешает сверке
✅ /home/runner/work/WesiOS/WesiOS/test/team_service_test.dart: локальный хеш пароля — только совместимость пустой пароль не подходит к владельцу без локального пароля
✅ /home/runner/work/WesiOS/WesiOS/test/horizon_top_tier_test.dart: Wesi Horizon honesty foundation a lucky recent month mean-reverts instead of becoming millionaire math
✅ /home/runner/work/WesiOS/WesiOS/test/horizon_top_tier_test.dart: Wesi Horizon honesty foundation low-data mode admits uncertainty instead of a razor-thin truth
✅ /home/runner/work/WesiOS/WesiOS/test/horizon_top_tier_test.dart: Wesi Horizon honesty foundation same UI seed is deterministic while alternate seed changes paths
✅ /home/runner/work/WesiOS/WesiOS/test/team_service_test.dart: локальная смена пароля старый перестаёт подходить, новый подходит
✅ /home/runner/work/WesiOS/WesiOS/test/horizon_top_tier_test.dart: Wesi Horizon honesty foundation weekly seasonality is not cloned unchanged into the far future
✅ /home/runner/work/WesiOS/WesiOS/test/horizon_top_tier_test.dart: Calibration and backtest coverage calibration widens interval and bias moves the median
✅ /home/runner/work/WesiOS/WesiOS/test/horizon_top_tier_test.dart: Calibration and backtest risk calibration bins shrink empirical probability without fake certainty
✅ /home/runner/work/WesiOS/WesiOS/test/team_service_test.dart: удаление логин возвращается в свободные в локальном режиме
✅ /home/runner/work/WesiOS/WesiOS/test/horizon_top_tier_test.dart: Calibration and backtest multi-horizon backtest keeps 14/30/90/180 separate
✅ /home/runner/work/WesiOS/WesiOS/test/horizon_top_tier_test.dart: Cash structure, stress and decisions committed cash is separated and explained
✅ /home/runner/work/WesiOS/WesiOS/test/horizon_top_tier_test.dart: Cash structure, stress and decisions uncertain business cash stays probabilistic instead of becoming committed
✅ /home/runner/work/WesiOS/WesiOS/test/team_service_test.dart: удаление удалённый локальный профиль больше не сверяется
✅ /home/runner/work/WesiOS/WesiOS/test/team_service_test.dart: удаление владельца удалить нельзя
✅ /home/runner/work/WesiOS/WesiOS/test/team_service_test.dart: удаление удаление текущего сотрудника очищает локальную роль
✅ /home/runner/work/WesiOS/WesiOS/test/team_service_test.dart: кто вошёл и что ему открыто без входа нет ни роли владельца, ни административных прав
✅ /home/runner/work/WesiOS/WesiOS/test/horizon_top_tier_test.dart: Cash structure, stress and decisions stress package has base/conservative/aggressive/stress and stress worsens cash
✅ /home/runner/work/WesiOS/WesiOS/test/horizon_top_tier_test.dart: Cash structure, stress and decisions What-If exposes direct risk/runway delta
✅ /home/runner/work/WesiOS/WesiOS/test/horizon_top_tier_test.dart: Cash structure, stress and decisions account liquidity reports risk in the needed location
✅ /home/runner/work/WesiOS/WesiOS/test/horizon_top_tier_test.dart: Backward-compatible domain memory contract memory JSON roundtrip preserves probabilities
✅ /home/runner/work/WesiOS/WesiOS/test/horizon_top_tier_test.dart: Backward-compatible domain memory account liquidity metadata keeps migration-free defaults
✅ /home/runner/work/WesiOS/WesiOS/test/team_service_test.dart: кто вошёл и что ему открыто после локальной установки сотрудника права его
::group::✅ /home/runner/work/WesiOS/WesiOS/test/team_service_test.dart: кто вошёл и что ему открыто выход возвращает в состояние без привилегий
WesiOS secure session delete failed: Binding has not yet been initialized.
The "instance" getter on the ServicesBinding binding mixin is only available once that binding has been initialized.
Typically, this is done by calling "WidgetsFlutterBinding.ensureInitialized()" or "runApp()" (the latter calls the former). Typically this call is done in the "void main()" method. The "ensureInitialized" method is idempotent; calling it multiple times is not harmful. After calling that method, the "instance" getter will return the binding.
In a test, one can call "TestWidgetsFlutterBinding.ensureInitialized()" as the first line in the test's "main()" method to initialize the binding.
If ServicesBinding is a custom binding mixin, there must also be a custom binding class, like WidgetsFlutterBinding, but that mixes in the selected binding, and that is the class that must be constructed before using the "instance" getter.
::endgroup::
✅ /home/runner/work/WesiOS/WesiOS/test/team_service_test.dart: кто вошёл и что ему открыто правка прав действует на текущего сразу
✅ /home/runner/work/WesiOS/WesiOS/test/team_service_test.dart: список состава владелец идёт первым
✅ /home/runner/work/WesiOS/WesiOS/test/team_service_test.dart: список состава остальные по алфавиту
✅ /home/runner/work/WesiOS/WesiOS/test/team_service_test.dart: список состава владелец заводится один раз
✅ /home/runner/work/WesiOS/WesiOS/test/team_service_test.dart: карточка сотрудника имя для показа падает на ник, потом на логин
✅ /home/runner/work/WesiOS/WesiOS/test/team_service_test.dart: карточка сотрудника в открытую карточку не попадают заметки и хеш
✅ /home/runner/work/WesiOS/WesiOS/test/tasks_screen_layout_test.dart: board with a handful of tasks per column renders four columns side by side on a desktop-width window without overflowing
✅ /home/runner/work/WesiOS/WesiOS/test/team_service_test.dart: карточка сотрудника почта сохраняется в карточке
✅ /home/runner/work/WesiOS/WesiOS/test/tasks_screen_layout_test.dart: board with a handful of tasks per column falls back to stacked columns on a phone-width window without overflowing — four columns side by side are unreadable there
✅ /home/runner/work/WesiOS/WesiOS/test/tasks_screen_layout_test.dart: board with far more tasks than fit on screen a column scrolls internally instead of overflowing
✅ /home/runner/work/WesiOS/WesiOS/test/tasks_screen_layout_test.dart: board with far more tasks than fit on screen the stacked phone layout also survives it
✅ /home/runner/work/WesiOS/WesiOS/test/tasks_screen_layout_test.dart: empty board shows the empty placeholder in every column
✅ /home/runner/work/WesiOS/WesiOS/test/alert_service_test.dart: пустое состояние когда всё в порядке — уведомлений нет
✅ /home/runner/work/WesiOS/WesiOS/test/alert_service_test.dart: задачи просроченная задача даёт уведомление уровня danger
✅ /home/runner/work/WesiOS/WesiOS/test/alert_service_test.dart: задачи завершённая задача с прошедшим сроком не считается просроченной — иначе список краснел бы от уже сделанного
✅ /home/runner/work/WesiOS/WesiOS/test/alert_service_test.dart: задачи срок сегодня — предупреждение, а не тревога
✅ /home/runner/work/WesiOS/WesiOS/test/alert_service_test.dart: задачи далёкий срок не тревожит
✅ /home/runner/work/WesiOS/WesiOS/test/alert_service_test.dart: задачи срок через три дня попадает в «ближайшие», через четыре — нет
✅ /home/runner/work/WesiOS/WesiOS/test/alert_service_test.dart: регулярные платежи ежемесячный платёж 20-го числа виден за три дня
✅ /home/runner/work/WesiOS/WesiOS/test/alert_service_test.dart: регулярные платежи ежемесячный платёж 1-го числа сейчас не тревожит
✅ /home/runner/work/WesiOS/WesiOS/test/alert_service_test.dart: регулярные платежи годовой платёж срабатывает в свой месяц, а не в любой
✅ /home/runner/work/WesiOS/WesiOS/test/alert_service_test.dart: регулярные платежи годовой платёж в текущем месяце всё же виден
✅ /home/runner/work/WesiOS/WesiOS/test/alert_service_test.dart: регулярные платежи платёж 31-го числа в коротком месяце не проскакивает мимо
✅ /home/runner/work/WesiOS/WesiOS/test/alert_service_test.dart: регулярные платежи когда на счету меньше суммы списаний — уровень поднимается
✅ /home/runner/work/WesiOS/WesiOS/test/alert_service_test.dart: регулярные платежи регулярный доход не выдаётся за предстоящее списание
✅ /home/runner/work/WesiOS/WesiOS/test/alert_service_test.dart: регулярные платежи регулярный платёж без периода молчит, а не угадывает
✅ /home/runner/work/WesiOS/WesiOS/test/alert_service_test.dart: прочее отрицательный баланс — danger
✅ /home/runner/work/WesiOS/WesiOS/test/alert_service_test.dart: прочее выключенная защита ведёт в Wesi Shield
✅ /home/runner/work/WesiOS/WesiOS/test/alert_service_test.dart: прочее обновление — информационное, не тревога
✅ /home/runner/work/WesiOS/WesiOS/test/alert_service_test.dart: порядок срочное идёт первым независимо от порядка проверок
✅ /home/runner/work/WesiOS/WesiOS/test/alert_service_test.dart: порядок при равном уровне порядок стабилен между вызовами
✅ /home/runner/work/WesiOS/WesiOS/test/alert_service_test.dart: прочитанное до открытия всё непрочитано
✅ /home/runner/work/WesiOS/WesiOS/test/alert_service_test.dart: прочитанное открыли — и после пересчёта они остаются прочитанными
✅ /home/runner/work/WesiOS/WesiOS/test/alert_service_test.dart: прочитанное новый повод всплывает непрочитанным рядом с прочитанными
✅ /home/runner/work/WesiOS/WesiOS/test/alert_service_test.dart: прочитанное вернувшийся повод считается новым, а не «уже видели»
✅ /home/runner/work/WesiOS/WesiOS/test/horizon_overdue_cash_truth_test.dart: overdue expected cash remains visible but loses false certainty
✅ /home/runner/work/WesiOS/WesiOS/test/horizon_overdue_cash_truth_test.dart: fallback uncertainty learns from actual non-recurring history only
✅ /home/runner/work/WesiOS/WesiOS/test/accounts_test.dart: TransactionModel.effectiveAccountId an operation created before accounts existed belongs to the main account — if such rows fell out of every query, the balance would drop to zero the moment the user updated the app
✅ /home/runner/work/WesiOS/WesiOS/test/accounts_test.dart: TransactionModel.effectiveAccountId an explicit account is respected
✅ /home/runner/work/WesiOS/WesiOS/test/accounts_test.dart: AccountService.filter null means all accounts
✅ /home/runner/work/WesiOS/WesiOS/test/accounts_test.dart: AccountService.filter the main account picks up legacy rows without an accountId
✅ /home/runner/work/WesiOS/WesiOS/test/accounts_test.dart: AccountService.filter a secondary account sees only its own rows
✅ /home/runner/work/WesiOS/WesiOS/test/accounts_test.dart: AccountService.ensureMain creates the main account once and reuses it afterwards
✅ /home/runner/work/WesiOS/WesiOS/test/accounts_test.dart: AccountService.summaries balance includes the opening balance, income and expenses
✅ /home/runner/work/WesiOS/WesiOS/test/accounts_test.dart: AccountService.summaries the main account always sorts first, so the list does not reshuffle when accounts get renamed
✅ /home/runner/work/WesiOS/WesiOS/test/accounts_test.dart: AccountService.delete refuses to delete the main account — every legacy operation points at it
✅ /home/runner/work/WesiOS/WesiOS/test/accounts_test.dart: AccountService.delete an account holding history is archived, not erased — deleting it would take part of the past with it
✅ /home/runner/work/WesiOS/WesiOS/test/accounts_test.dart: AccountService.delete an empty account is removed outright
✅ /home/runner/work/WesiOS/WesiOS/test/feedback_test.dart: что умеет устройство вибрация и звук не предлагаются на одной платформе сразу
✅ /home/runner/work/WesiOS/WesiOS/test/feedback_test.dart: что умеет устройство на этой платформе доступно хоть что-то одно
✅ /home/runner/work/WesiOS/WesiOS/test/feedback_test.dart: настройки по умолчанию включено
✅ /home/runner/work/WesiOS/WesiOS/test/feedback_test.dart: настройки выключенное не зовёт платформу
✅ /home/runner/work/WesiOS/WesiOS/test/feedback_test.dart: настройки переключение поднимает отметку — экраны перечитывают
✅ /home/runner/work/WesiOS/WesiOS/test/feedback_test.dart: настройки вибрация не включается там, где её нет
✅ /home/runner/work/WesiOS/WesiOS/test/feedback_test.dart: события каждое событие доходит своим видом
✅ /home/runner/work/WesiOS/WesiOS/test/feedback_test.dart: события общий вход равнозначен именованному
✅ /home/runner/work/WesiOS/WesiOS/test/feedback_test.dart: события вызов ничего не ждёт
✅ /home/runner/work/WesiOS/WesiOS/test/sysadmin_test.dart: сводка по замерам пустая сводка ничего не выдумывает
✅ /home/runner/work/WesiOS/WesiOS/test/sysadmin_test.dart: сводка по замерам минимум, среднее и максимум считаются по ответившим
✅ /home/runner/work/WesiOS/WesiOS/test/sysadmin_test.dart: сводка по замерам разброс считается между соседними, а не от среднего
✅ /home/runner/work/WesiOS/WesiOS/test/sysadmin_test.dart: сводка по замерам одного замера мало, чтобы говорить о разбросе
✅ /home/runner/work/WesiOS/WesiOS/test/sysadmin_test.dart: сводка по замерам быстро и стабильно — это «работает»
✅ /home/runner/work/WesiOS/WesiOS/test/sysadmin_test.dart: сводка по замерам десятая часть потерь — уже перебои
✅ /home/runner/work/WesiOS/WesiOS/test/sysadmin_test.dart: сводка по замерам очень медленные ответы — тоже перебои, хотя ответы есть
✅ /home/runner/work/WesiOS/WesiOS/test/sysadmin_test.dart: сводка по замерам рваная связь — перебои даже без потерь
✅ /home/runner/work/WesiOS/WesiOS/test/sysadmin_test.dart: сводка по замерам не отвечает — это «лежит»
✅ /home/runner/work/WesiOS/WesiOS/test/sysadmin_test.dart: сводка по замерам поднявшийся сервер показывает «работает», а не «лежит»
✅ /home/runner/work/WesiOS/WesiOS/test/sysadmin_test.dart: сводка по замерам нет сети у устройства — это не «сервер лежит»
✅ /home/runner/work/WesiOS/WesiOS/test/sysadmin_test.dart: сертификат свежий сертификат тревоги не поднимает
✅ /home/runner/work/WesiOS/WesiOS/test/sysadmin_test.dart: сертификат две недели до конца — пора беспокоиться
✅ /home/runner/work/WesiOS/WesiOS/test/sysadmin_test.dart: сертификат истёкший распознаётся как истёкший
✅ /home/runner/work/WesiOS/WesiOS/test/sysadmin_test.dart: показатели с агента настоящий вывод агента разбирается
✅ /home/runner/work/WesiOS/WesiOS/test/sysadmin_test.dart: показатели с агента загрузка делится на число ядер
✅ /home/runner/work/WesiOS/WesiOS/test/sysadmin_test.dart: показатели с агента без обязательных полей не разбирается, а не подставляет нули
✅ /home/runner/work/WesiOS/WesiOS/test/sysadmin_test.dart: показатели с агента старые цифры распознаются как старые
✅ /home/runner/work/WesiOS/WesiOS/test/sysadmin_test.dart: показатели с агента деление на ноль не роняет экран
✅ /home/runner/work/WesiOS/WesiOS/test/sysadmin_test.dart: наблюдаемый узел переживает круг через JSON
✅ /home/runner/work/WesiOS/WesiOS/test/sysadmin_test.dart: наблюдаемый узел без адреса — не узел
✅ /home/runner/work/WesiOS/WesiOS/test/sysadmin_test.dart: наблюдаемый узел без названия подставляется адрес, а не пустая строка
✅ /home/runner/work/WesiOS/WesiOS/test/sysadmin_test.dart: наблюдаемый узел copyWith умеет стирать необязательное поле
✅ /home/runner/work/WesiOS/WesiOS/test/sysadmin_test.dart: замеры вживую несуществующее имя распознаётся как проблема с именем
✅ /home/runner/work/WesiOS/WesiOS/test/sysadmin_test.dart: замеры вживую закрытый порт на себе самом распознаётся как отказ
✅ /home/runner/work/WesiOS/WesiOS/test/sysadmin_test.dart: замеры вживую замер до самого себя занимает разумное время
✅ /home/runner/work/WesiOS/WesiOS/test/recurrence_test.dart: occursOn до первой даты не срабатывает
✅ /home/runner/work/WesiOS/WesiOS/test/recurrence_test.dart: occursOn ежедневный — каждый день после начала
✅ /home/runner/work/WesiOS/WesiOS/test/recurrence_test.dart: occursOn еженедельный — только в тот же день недели
✅ /home/runner/work/WesiOS/WesiOS/test/recurrence_test.dart: occursOn еженедельный переживает перевод часов
✅ /home/runner/work/WesiOS/WesiOS/test/recurrence_test.dart: occursOn ежемесячный — в своё число
✅ /home/runner/work/WesiOS/WesiOS/test/recurrence_test.dart: occursOn ежемесячный 31-го в коротком месяце — в последний день
✅ /home/runner/work/WesiOS/WesiOS/test/recurrence_test.dart: occursOn годовой — только в свой месяц
✅ /home/runner/work/WesiOS/WesiOS/test/recurrence_test.dart: occursOn нерегулярная операция и операция без периода не повторяются
✅ /home/runner/work/WesiOS/WesiOS/test/recurrence_test.dart: nextOccurrence будущая первая дата возвращается как есть
✅ /home/runner/work/WesiOS/WesiOS/test/recurrence_test.dart: nextOccurrence ежемесячный: сегодняшнее число считается ближайшим, а не следующим месяцем
✅ /home/runner/work/WesiOS/WesiOS/test/recurrence_test.dart: nextOccurrence ежемесячный: после своего числа переходит на следующий месяц
✅ /home/runner/work/WesiOS/WesiOS/test/recurrence_test.dart: nextOccurrence ежемесячный на границе года не улетает в тринадцатый месяц
✅ /home/runner/work/WesiOS/WesiOS/test/recurrence_test.dart: nextOccurrence годовой считает год, а не месяц
✅ /home/runner/work/WesiOS/WesiOS/test/recurrence_test.dart: nextOccurrence еженедельный доводит до ближайшего того же дня недели
✅ /home/runner/work/WesiOS/WesiOS/test/recurrence_test.dart: nextOccurrence без периода — null, а не догадка
✅ /home/runner/work/WesiOS/WesiOS/test/recurrence_test.dart: nextOccurrence occursOn и nextOccurrence согласованы между собой
✅ /home/runner/work/WesiOS/WesiOS/test/horizon_balance_truth_test.dart: historical reconstruction ignores transactions scheduled after current balance date
✅ /home/runner/work/WesiOS/WesiOS/test/horizon_balance_truth_test.dart: current account summary source excludes future-dated operations
✅ /home/runner/work/WesiOS/WesiOS/test/crm_service_test.dart: клиент, сделка и касание сохраняются и читаются
✅ /home/runner/work/WesiOS/WesiOS/test/crm_service_test.dart: следующий шаг из касания обновляет карточку клиента
✅ /home/runner/work/WesiOS/WesiOS/test/crm_service_test.dart: сводка считает воронку, выигранное и архив отдельно
✅ /home/runner/work/WesiOS/WesiOS/test/crm_service_test.dart: удаление клиента каскадно удаляет сделки и историю
✅ /home/runner/work/WesiOS/WesiOS/test/team_session_test.dart: запомнить меня с галочкой вход переживает перезапуск
::group::✅ /home/runner/work/WesiOS/WesiOS/test/team_session_test.dart: запомнить меня без галочки вход не переживает перезапуск
WesiOS secure session delete failed: Binding has not yet been initialized.
The "instance" getter on the ServicesBinding binding mixin is only available once that binding has been initialized.
Typically, this is done by calling "WidgetsFlutterBinding.ensureInitialized()" or "runApp()" (the latter calls the former). Typically this call is done in the "void main()" method. The "ensureInitialized" method is idempotent; calling it multiple times is not harmful. After calling that method, the "instance" getter will return the binding.
In a test, one can call "TestWidgetsFlutterBinding.ensureInitialized()" as the first line in the test's "main()" method to initialize the binding.
If ServicesBinding is a custom binding mixin, there must also be a custom binding class, like WidgetsFlutterBinding, but that mixes in the selected binding, and that is the class that must be constructed before using the "instance" getter.
::endgroup::
✅ /home/runner/work/WesiOS/WesiOS/test/team_session_test.dart: запомнить меня по умолчанию запоминаем
✅ /home/runner/work/WesiOS/WesiOS/test/team_session_test.dart: смена логина логин меняется, старый возвращается в свободные
✅ /home/runner/work/WesiOS/WesiOS/test/sync_merge_test.dart: пустые стороны обе пусты — делать нечего
✅ /home/runner/work/WesiOS/WesiOS/test/sync_merge_test.dart: пустые стороны пусто в облаке — всё локальное уходит наверх
✅ /home/runner/work/WesiOS/WesiOS/test/sync_merge_test.dart: пустые стороны пусто локально — всё облачное приходит вниз
✅ /home/runner/work/WesiOS/WesiOS/test/sync_merge_test.dart: кто победил более поздняя правка побеждает — локальная
✅ /home/runner/work/WesiOS/WesiOS/test/sync_merge_test.dart: кто победил более поздняя правка побеждает — облачная
✅ /home/runner/work/WesiOS/WesiOS/test/sync_merge_test.dart: кто победил одинаковые по времени записи не гоняются туда-сюда
✅ /home/runner/work/WesiOS/WesiOS/test/sync_merge_test.dart: удаления не воскресают удалили в облаке — удаление приезжает к нам
✅ /home/runner/work/WesiOS/WesiOS/test/sync_merge_test.dart: удаления не воскресают удалили у нас — удаление уезжает наверх
✅ /home/runner/work/WesiOS/WesiOS/test/sync_merge_test.dart: удаления не воскресают правка ПОСЛЕ удаления возвращает запись — это осознанное решение
✅ /home/runner/work/WesiOS/WesiOS/test/sync_merge_test.dart: удаления не воскресают надгробие, которого нет у другой стороны, всё равно доезжает
✅ /home/runner/work/WesiOS/WesiOS/test/sync_merge_test.dart: удаления не воскресают при совпадении времени удаление важнее правки
✅ /home/runner/work/WesiOS/WesiOS/test/sync_merge_test.dart: слияние по записям, а не по документу правки разных записей на разных устройствах обе выживают
✅ /home/runner/work/WesiOS/WesiOS/test/sync_merge_test.dart: слияние по записям, а не по документу после слияния обе стороны приходят к одному состоянию
✅ /home/runner/work/WesiOS/WesiOS/test/sync_merge_test.dart: слияние по записям, а не по документу порядок сторон не меняет итог
✅ /home/runner/work/WesiOS/WesiOS/test/sync_merge_test.dart: уборка надгробий свежие надгробия остаются
✅ /home/runner/work/WesiOS/WesiOS/test/sync_merge_test.dart: уборка надгробий старые выбрасываются
✅ /home/runner/work/WesiOS/WesiOS/test/sync_merge_test.dart: уборка надгробий живые записи не трогаются, сколько бы им ни было лет
✅ /home/runner/work/WesiOS/WesiOS/test/team_session_test.dart: смена логина вход работает под новым логином и не работает под старым
✅ /home/runner/work/WesiOS/WesiOS/test/team_session_test.dart: смена логина занятый чужим логин не отдаётся
✅ /home/runner/work/WesiOS/WesiOS/test/team_session_test.dart: смена логина слишком короткий логин не принимается
✅ /home/runner/work/WesiOS/WesiOS/test/team_session_test.dart: смена логина тот же логин — не ошибка и ничего не ломает
✅ /home/runner/work/WesiOS/WesiOS/test/team_session_test.dart: смена логина несуществующему человеку логин не меняется
✅ /home/runner/work/WesiOS/WesiOS/test/contact_actions_test.dart: нормализация номера оставляет только цифры и ведущий плюс
✅ /home/runner/work/WesiOS/WesiOS/test/contact_actions_test.dart: нормализация номера пустое и мусор дают пустую строку
✅ /home/runner/work/WesiOS/WesiOS/test/contact_actions_test.dart: нормализация номера плюс не в начале не считается плюсом
✅ /home/runner/work/WesiOS/WesiOS/test/contact_actions_test.dart: ссылки на соцсети готовый адрес берётся как есть
✅ /home/runner/work/WesiOS/WesiOS/test/contact_actions_test.dart: ссылки на соцсети собачка превращается в адрес
✅ /home/runner/work/WesiOS/WesiOS/test/contact_actions_test.dart: ссылки на соцсети русские названия сетей тоже понимаются
✅ /home/runner/work/WesiOS/WesiOS/test/contact_actions_test.dart: ссылки на соцсети WhatsApp получает номер без знаков
✅ /home/runner/work/WesiOS/WesiOS/test/contact_actions_test.dart: ссылки на соцсети незнакомая сеть с доменом открывается как адрес
✅ /home/runner/work/WesiOS/WesiOS/test/contact_actions_test.dart: ссылки на соцсети незнакомая сеть без домена ссылкой не становится
✅ /home/runner/work/WesiOS/WesiOS/test/contact_actions_test.dart: ссылки на соцсети пустое значение ссылкой не становится
✅ /home/runner/work/WesiOS/WesiOS/test/contact_actions_test.dart: ссылки на соцсети регистр названия сети не важен
✅ /home/runner/work/WesiOS/WesiOS/test/sysadmin_console_test.dart: help перечисляет реальные диагностические команды
✅ /home/runner/work/WesiOS/WesiOS/test/sysadmin_console_test.dart: обычная команда безопасно печатается в prompt
✅ /home/runner/work/WesiOS/WesiOS/test/sysadmin_console_test.dart: echo учитывает кавычки и сохраняет историю
✅ /home/runner/work/WesiOS/WesiOS/test/sysadmin_console_test.dart: повтор команды не дублируется в истории
✅ /home/runner/work/WesiOS/WesiOS/test/sysadmin_console_test.dart: токен не попадает в историю и маскируется для экрана
✅ /home/runner/work/WesiOS/WesiOS/test/sysadmin_console_test.dart: JWT разбирается локально без вывода полного секрета
✅ /home/runner/work/WesiOS/WesiOS/test/sysadmin_console_test.dart: отпечаток токена имеет SHA-256 и не раскрывает токен
✅ /home/runner/work/WesiOS/WesiOS/test/sysadmin_console_test.dart: каталог содержит WesiOS, сертификаты, SSH и токены
✅ /home/runner/work/WesiOS/WesiOS/test/sysadmin_console_test.dart: templates печатает готовые команды
✅ /home/runner/work/WesiOS/WesiOS/test/sysadmin_console_test.dart: шаблоны и команды привязываются к выбранному серверу
✅ /home/runner/work/WesiOS/WesiOS/test/sysadmin_console_test.dart: clear возвращает управляющий флаг без вывода
✅ /home/runner/work/WesiOS/WesiOS/test/sysadmin_console_test.dart: неизвестная команда объясняет, как открыть справку
✅ /home/runner/work/WesiOS/WesiOS/test/sysadmin_console_test.dart: автодополнение предлагает команды по префиксу

🎉 940 tests passed.
